Feature_selector,Contrast_encoding_method,Models,Best_params,Cluster_Indicator,Damping_cluster_value,Number_features,Features,Balancing_handled,Feature_scaling_handled,Outer_fold,bal_acc_inner_train_cv,bal_acc_inner_val_cv,bal_acc_outer_val_cv,precision_inner_train_cv,precision_inner_val_cv,precision_outer_val_cv,recall_inner_train_cv,recall_inner_val_cv,recall_outer_val_cv,f1_inner_train_cv,f1_inner_val_cv,f1_outer_val_cv,mc_inner_train_cv,mc_inner_val_cv,mc_outer_val_cv
FeatureWiz,Helmert,LogisticRegression,"{'C': 0.7942685367134228, 'class_weight': None, 'dual': False, 'fit_intercept': True, 'intercept_scaling': 1, 'l1_ratio': None, 'max_iter': 100000, 'multi_class': 'auto', 'n_jobs': 2, 'penalty': 'l1', 'random_state': 120, 'solver': 'saga', 'tol': 0.0001, 'verbose': 0, 'warm_start': False}",no,,55,"['Type_of_play_places_In my garden;In my school playground', 'Gender_Girl', 'Timestamp_day_of_year_cos', 'WIMD_2019_Rank', 'Play_inall_places_2', 'Safety_toplay_scale', 'Breakfast_ytd_Toast', 'Birth_Date_year', 'Play_inall_places_0', 'Concentrate_in_week_2', 'Sleeptime_ytd_cos', 'Timestamp_day_of_month_sin', 'Feel_partof_community_1', 'Tired_in_week_2', 'Sleeptime_ytd_sin', 'Snacks_Brk', 'Sports_in_week_0', 'Tired_in_week_3', 'Number_people_household_3', 'Breakfast_ytd_Rare', 'Sugarsnack_in_week_0', 'School_scale', 'Tired_in_week_1', 'Lots_of_things_good_at_1', 'Lots_of_choices_important_2', 'Health_scale', 'Going_school_No, I am at home', 'Nothing_Brk', 'Play_in_garden', 'School_Health_Records', 'Softdrink_in_week_2', 'Looks_scale', 'Play_in_house', 'Type_of_play_places_In my house;In my garden', 'Sports_in_week_1', 'Fruits_Brk', 'Birth_Date_quarter_sin', 'Yogurt_Brk', 'Timestamp_day_of_week_cos', 'Cooked_Breakfast_Brk', 'Timestamp_day_of_month_cos', 'Easywalk_somewhere', 'Homespace_relax_Sometimes but not all the time', 'Birth_Date_day_of_year_cos', 'Doingwell_schoolwork_3', 'Enoughtime_toplay_3', 'Awaketime_today_sin', 'Breakfast_ytd_Sugary cereal e.g. cocopops, frosties, sugar puffs, chocolate cereals', 'Num_Type_of_play_places', 'Awaketime_today_hour_sin', 'Num_Method_of_keepintouch', 'Lots_of_choices_important_4', 'Breakfast_ytd_Healthy cereal e.g. porridge, weetabix, readybrek, muesli, branflakes, cornflakes', 'Outdoorplay_freq_3', 'Lots_of_things_good_at_3']",smoteen,yes,1,0.4852795786771667,0.3561457051078634,0.26851851851851855,0.6035626261539614,0.43934817282015554,0.2649122807017544,0.4852795786771667,0.3561457051078634,0.26851851851851855,0.5254805097881086,0.3329007212169693,0.26617526617526616,0.3510538107910799,0.14220255817731925,0.05480993768980266
Lasso,Sum,LogisticRegression,"{'C': 0.9809906811122874, 'class_weight': 'balanced', 'dual': False, 'fit_intercept': True, 'intercept_scaling': 1, 'l1_ratio': None, 'max_iter': 100000, 'multi_class': 'auto', 'n_jobs': 2, 'penalty': 'l1', 'random_state': 120, 'solver': 'saga', 'tol': 0.0001, 'verbose': 0, 'warm_start': False}",yes,0.9407402430907134,28,"['age', 'Softdrink_in_week_3', 'Life_scale', 'WIMD_2019_Decile', 'Takeawayfood_in_week_0', 'Study_Year', 'School_Health_Records', 'Concentrate_in_week_3', 'Looks_scale', 'Fruitveg_ytd_1', 'Concentrate_in_week_2', 'School_scale', 'Going_school_Yes, most days of the week', 'Gender_Girl', 'Play_in_house', 'Concentrate_in_week_1', 'Outdoorplay_freq_2', 'Play_in_street', 'Easywalk_somewhere', 'Internet_in_week_0', 'Tired_in_week_1', 'Awaketime_today_halfhour', 'Doingwell_schoolwork_2', 'Birth_Date_day_of_year_sin', 'Sports_in_week_1', 'Lots_of_choices_important_4', 'Lots_of_things_good_at_1', 'cluster_distance']",smoteen,yes,2,0.45054887436056684,0.31607231800265256,0.3311728395061728,0.4774670021162973,0.34857300497683497,0.4245871180842279,0.45054887436056684,0.31607231800265256,0.3311728395061728,0.45873594533546697,0.3159464790001247,0.3546455223880597,0.3010893117095283,0.13067928657061673,0.11175023481123787
FeatureWiz,Backward Difference,LogisticRegression,"{'C': 0.4298961887288739, 'class_weight': None, 'dual': False, 'fit_intercept': True, 'intercept_scaling': 1, 'l1_ratio': None, 'max_iter': 100000, 'multi_class': 'auto', 'n_jobs': 2, 'penalty': 'l2', 'random_state': 120, 'solver': 'saga', 'tol': 0.0001, 'verbose': 0, 'warm_start': False}",yes,0.5887244066581782,63,"['Contact_by_visit', 'Timestamp_day_of_week_sin', 'Going_school_No, I am at home', 'Homespace_relax_Yes', 'Play_near_water', 'Type_of_play_places_In my house;In my garden', 'Easywalk_somewhere', 'Method_of_keepintouch_By phone (texting, calling or video calling);On social media', 'Play_inall_places_3', 'Brush_teeth_ytd', 'Sports_in_week_1', 'Gender_Girl', 'Enoughtime_toplay_1', 'Life_scale', 'School_scale', 'Softdrink_in_week_3', 'Softdrink_in_week_2', 'Doingwell_schoolwork_2', 'Play_in_playground', 'Health_scale', 'Sleeptime_ytd_sin', 'Feel_partof_community_1', 'Contact_by_phone', 'Hours_slept', 'Play_in_house', 'Sugarsnack_in_week_3', 'Yogurt_Brk', 'Method_of_keepintouch_I live near them so I can see them (at a social distance);By phone (texting, calling or video calling)', 'Sports_in_week_0', 'School_Health_Records', 'Fruits_Brk', 'Outdoorplay_freq_3', 'Number_people_household_4', 'Tired_in_week_3', 'Lots_of_choices_important_2', 'WIMD_2019_Decile', 'Method_of_keepintouch_I live near them so I can see them (at a social distance);By phone (texting, calling or video calling);On games consoles', 'Lots_of_things_good_at_2', 'Safety_toplay_scale', 'Num_Breakfast_ytd', 'Takeawayfood_in_week_0', 'Timestamp_day_of_month_sin', 'Awaketime_today_cos', 'Timestamp_month_sin', 'Sports_in_week_3', 'Snacks_Brk', 'Lots_of_choices_important_4', 'Takeawayfood_in_week_1', 'Lots_of_things_good_at_4', 'Number_people_household_0', 'Birth_Date_year', 'Internet_in_week_1', 'Timestamp_month_cos', 'Breakfast_ytd_Healthy cereal e.g. porridge, weetabix, readybrek, muesli, branflakes, cornflakes', 'Sleeptime_ytd_cos', 'Birth_Date_month_sin', 'Awaketime_today_sin', 'Enoughtime_toplay_3', 'Tired_in_week_0', 'Concentrate_in_week_1', 'Breakfast_ytd_Sugary cereal e.g. cocopops, frosties, sugar puffs, chocolate cereals', 'Birth_Date_month_cos', 'cluster_distance']",no,yes,3,0.38386394839235716,0.29196095320126325,0.3384038800705467,0.8305542470176617,0.4575989555364064,0.4236111111111111,0.38386394839235716,0.29196095320126325,0.3384038800705467,0.4486851446187661,0.29890304901605586,0.3489858095121253,0.3754542415989173,0.11320097058502325,0.15735950848440333
Lasso,Backward Difference,LogisticRegression,"{'C': 0.4862008436823455, 'class_weight': None, 'dual': False, 'fit_intercept': True, 'intercept_scaling': 1, 'l1_ratio': None, 'max_iter': 100000, 'multi_class': 'auto', 'n_jobs': 2, 'penalty': 'l2', 'random_state': 120, 'solver': 'saga', 'tol': 0.0001, 'verbose': 0, 'warm_start': False}",no,,21,"['age', 'Study_Year', 'Looks_scale', 'Gender_Girl', 'School_scale', 'Concentrate_in_week_1', 'Safety_toplay_scale', 'Breakfast_ytd_Rare', 'Concentrate_in_week_3', 'Timestamp_day_of_month_cos', 'Birth_Date_day_of_month_cos', 'Concentrate_in_week_0', 'Play_in_garden', 'Going_school_No, I am at home', 'Awaketime_today_hour_cos', 'Awaketime_today_halfhour', 'Sports_in_week_1', 'Lots_of_things_good_at_2', 'Play_in_street', 'School_Health_Records', 'Tired_in_week_2']",smoteen,yes,4,0.4073833522178116,0.3634335758647264,0.3429606625258799,0.45196948492872596,0.330091395022077,0.3342663984802771,0.4073833522178116,0.3634335758647264,0.3429606625258799,0.4178426251994047,0.32463646117605616,0.3377543470218276,0.22293103261205613,0.14996015078181926,0.12338890418686187
MutualInformation,Sum,LogisticRegression,"{'C': 0.1446337755834895, 'class_weight': 'balanced', 'dual': False, 'fit_intercept': True, 'intercept_scaling': 1, 'l1_ratio': None, 'max_iter': 100000, 'multi_class': 'auto', 'n_jobs': 2, 'penalty': 'l2', 'random_state': 120, 'solver': 'saga', 'tol': 0.0001, 'verbose': 0, 'warm_start': False}",yes,0.9397221418138794,5,"['Health_scale', 'WIMD_2019_Rank', 'Play_in_street', 'Looks_scale', 'cluster_distance']",no,yes,5,0.423938816915308,0.38708016874326545,0.3129572118702553,0.3331386578810008,0.306035408105569,0.28530092592592593,0.423938816915308,0.38708016874326545,0.3129572118702553,0.3229639088442977,0.28492927705243826,0.2671146198981905,0.17884973836486331,0.14122041676107783,0.09552349333009072
ANOVA,Polynomial,LinearSVC,"{'C': 0.25371001423052325, 'class_weight': 'balanced', 'dual': False, 'fit_intercept': True, 'intercept_scaling': 1, 'loss': 'squared_hinge', 'max_iter': 1000, 'multi_class': 'ovr', 'penalty': 'l2', 'random_state': 120, 'tol': 0.0001, 'verbose': 0}",yes,0.8358008639978551,24,"['Fruitveg_ytd_0', 'Brush_teeth_ytd', 'Safety_toplay_scale', 'Health_scale', 'School_scale', 'Family_scale', 'Friends_scale', 'Looks_scale', 'Life_scale', 'Sports_in_week_1', 'Tired_in_week_0', 'Tired_in_week_3', 'Hours_slept', 'Nothing_Brk', 'Doingwell_schoolwork_1', 'Doingwell_schoolwork_0', 'Lots_of_things_good_at_1', 'Outdoorplay_freq_3', 'Enoughtime_toplay_1', 'Play_inall_places_0', 'Homespace_relax_No', 'Sleeptime_ytd_sin', 'Awaketime_today_cos', 'cluster_distance']",no,yes,1,0.5206456082565154,0.34788567460691083,0.3987654320987654,0.46832726309385064,0.3342842428358641,0.36026028509563335,0.5206456082565154,0.34788567460691083,0.3987654320987654,0.47929573990709545,0.33457451482324946,0.35351170568561874,0.3385308806224239,0.21066254808412554,0.2304843988005802
MutualInformation,Polynomial,LinearSVC,"{'C': 0.10104851813904453, 'class_weight': 'balanced', 'dual': False, 'fit_intercept': True, 'intercept_scaling': 1, 'loss': 'squared_hinge', 'max_iter': 1000, 'multi_class': 'ovr', 'penalty': 'l1', 'random_state': 120, 'tol': 0.0001, 'verbose': 0}",no,,25,"['Life_scale', 'Tired_in_week_0', 'Going_school_I am in a different school from my own school', 'Health_scale', 'School_scale', 'Sports_in_week_0', 'Birth_Date_day_of_year_sin', 'Brush_teeth_ytd', 'Concentrate_in_week_2', 'Sugarsnack_in_week_3', 'Tired_in_week_2', 'Softdrink_in_week_3', 'Sugarsnack_in_week_0', 'Hours_slept', 'Softdrink_in_week_0', 'Softdrink_in_week_1', 'Method_of_keepintouch_Rare', 'Sugarsnack_in_week_2', 'WIMD_2019_Decile', 'Enoughtime_toplay_3', 'Lots_of_things_good_at_0', 'Number_people_household_3', 'Softdrink_in_week_2', 'Doingwell_schoolwork_4', 'Nothing_Brk']",no,yes,2,0.4466234940984295,0.32858637558249965,0.3132716049382716,0.5092099974780391,0.36936414208799323,0.2588757396449704,0.4466234940984295,0.32858637558249965,0.3132716049382716,0.4433626460077975,0.3262563507998247,0.2777071076482748,0.3060731976421575,0.12201012343503197,0.15602200933052848
ANOVA,Polynomial,LinearSVC,"{'C': 0.25371001423052325, 'class_weight': 'balanced', 'dual': False, 'fit_intercept': True, 'intercept_scaling': 1, 'loss': 'squared_hinge', 'max_iter': 1000, 'multi_class': 'ovr', 'penalty': 'l2', 'random_state': 120, 'tol': 0.0001, 'verbose': 0}",yes,0.8358008639978551,24,"['Fruitveg_ytd_0', 'Brush_teeth_ytd', 'Safety_toplay_scale', 'Health_scale', 'School_scale', 'Family_scale', 'Friends_scale', 'Looks_scale', 'Life_scale', 'Sports_in_week_1', 'Tired_in_week_0', 'Tired_in_week_3', 'Hours_slept', 'Nothing_Brk', 'Doingwell_schoolwork_1', 'Doingwell_schoolwork_0', 'Lots_of_things_good_at_1', 'Outdoorplay_freq_3', 'Enoughtime_toplay_1', 'Play_inall_places_0', 'Homespace_relax_No', 'Sleeptime_ytd_sin', 'Awaketime_today_cos', 'cluster_distance']",no,yes,1,0.5206456082565154,0.34788567460691083,0.3987654320987654,0.46832726309385064,0.3342842428358641,0.36026028509563335,0.5206456082565154,0.34788567460691083,0.3987654320987654,0.47929573990709545,0.33457451482324946,0.35351170568561874,0.3385308806224239,0.21066254808412554,0.2304843988005802
MutualInformation,Polynomial,LinearSVC,"{'C': 0.10104851813904453, 'class_weight': 'balanced', 'dual': False, 'fit_intercept': True, 'intercept_scaling': 1, 'loss': 'squared_hinge', 'max_iter': 1000, 'multi_class': 'ovr', 'penalty': 'l1', 'random_state': 120, 'tol': 0.0001, 'verbose': 0}",no,,25,"['Life_scale', 'Tired_in_week_0', 'Going_school_I am in a different school from my own school', 'Health_scale', 'School_scale', 'Sports_in_week_0', 'Birth_Date_day_of_year_sin', 'Brush_teeth_ytd', 'Concentrate_in_week_2', 'Sugarsnack_in_week_3', 'Tired_in_week_2', 'Softdrink_in_week_3', 'Sugarsnack_in_week_0', 'Hours_slept', 'Softdrink_in_week_0', 'Softdrink_in_week_1', 'Method_of_keepintouch_Rare', 'Sugarsnack_in_week_2', 'WIMD_2019_Decile', 'Enoughtime_toplay_3', 'Lots_of_things_good_at_0', 'Number_people_household_3', 'Softdrink_in_week_2', 'Doingwell_schoolwork_4', 'Nothing_Brk']",no,yes,2,0.4466234940984295,0.32858637558249965,0.3132716049382716,0.5092099974780391,0.36936414208799323,0.2588757396449704,0.4466234940984295,0.32858637558249965,0.3132716049382716,0.4433626460077975,0.3262563507998247,0.2777071076482748,0.3060731976421575,0.12201012343503197,0.15602200933052848
BorutaShap,Polynomial,LinearSVC,"{'C': 0.3049241606512873, 'class_weight': 'balanced', 'dual': False, 'fit_intercept': True, 'intercept_scaling': 1, 'loss': 'squared_hinge', 'max_iter': 1000, 'multi_class': 'ovr', 'penalty': 'l1', 'random_state': 120, 'tol': 0.0001, 'verbose': 0}",no,,109,"['Concentrate_in_week_2', 'Play_inall_places_2', 'Contact_by_visit', 'Sugarsnack_in_week_0', 'Sugarsnack_in_week_3', 'Method_of_keepintouch_By phone (texting, calling or video calling)', 'Study_Year', 'Takeawayfood_in_week_1', 'Family_scale', 'Lots_of_things_good_at_3', 'Play_inall_places_3', 'Sports_in_week_0', 'Sleeptime_ytd_hour_cos', 'Birth_Date_day_of_year_cos', 'Number_people_household_1', 'Play_inall_places_0', 'Sugary_Cereal_Brk', 'age', 'Tired_in_week_2', 'Sugarsnack_in_week_2', 'Life_scale', 'Internet_in_week_2', 'Sports_in_week_1', 'Contact_by_game', 'Timestamp_month_cos', 'Concentrate_in_week_1', 'Enoughtime_toplay_3', 'Play_in_field', 'Concentrate_in_week_3', 'Type_of_play_places_Rare', 'Type_of_play_places_In my house;In my garden', 'Birth_Date_month_cos', 'Num_Type_of_play_places', 'Birth_Date_day_of_month_cos', 'Timestamp_week_cos', 'Birth_Date_day_of_week_sin', 'WIMD_2019_Quartile', 'WIMD_2019_Rank', 'Play_in_grass_area', 'Number_people_household_4', 'Birth_Date_week_sin', 'Internet_in_week_1', 'Other_children_inhouse', 'Lots_of_choices_important_4', 'WIMD_2019_Quintile', 'Method_of_keepintouch_Rare', 'Type_of_play_places_In my garden;In my school playground', 'Sugarsnack_in_week_1', 'Takeawayfood_in_week_3', 'Num_Method_of_keepintouch', 'Feel_partof_community_2', 'Takeawayfood_in_week_2', 'Timestamp_week_sin', 'Timestamp_day_of_year_cos', 'Birth_Date_day_of_week_cos', 'Birth_Date_day_of_year_sin', 'Awaketime_today_hour_cos', 'Birth_Date_week_cos', 'Birth_Date_month_sin', 'Friends_scale', 'School_scale', 'Tired_in_week_1', 'Gender_Boy', 'Timestamp_day_of_year_sin', 'WIMD_2019_Decile', 'Takeawayfood_in_week_0', 'Breakfast_ytd_Sugary cereal e.g. cocopops, frosties, sugar puffs, chocolate cereals', 'Timestamp_day_of_week_sin', 'Softdrink_in_week_0', 'Looks_scale', 'Softdrink_in_week_1', 'Tired_in_week_3', 'Awaketime_today_sin', 'Softdrink_in_week_2', 'Number_people_household_3', 'Birth_Date_quarter_sin', 'Lots_of_things_good_at_4', 'Timestamp_day_of_week_cos', 'Play_in_bushes', 'Sleeptime_ytd_hour_sin', 'Play_in_house', 'Number_people_household_0', 'Timestamp_day_of_month_sin', 'Birth_Date_day_of_month_sin', 'Play_inall_places_1', 'Hours_slept', 'Sleeptime_ytd_cos', 'Softdrink_in_week_3', 'Birth_Date_quarter_cos', 'Gender_Girl', 'Birth_Date_year', 'Awaketime_today_cos', 'Tired_in_week_0', 'Sports_in_week_3', 'Breakfast_ytd_Rare', 'Enoughtime_toplay_2', 'Play_in_woods', 'Timestamp_day_of_month_cos', 'Feel_partof_community_3', 'Lots_of_choices_important_3', 'Awaketime_today_hour_sin', 'Brush_teeth_ytd', 'Sleeptime_ytd_sin', 'Breakfast_ytd_Cooked breakfast', 'Safety_toplay_scale', 'Sports_in_week_2', 'Health_scale', 'Number_people_household_2', 'Concentrate_in_week_0']",smoteen,yes,3,0.5268348276647662,0.30537901124141437,0.33311287477954143,0.779291541235206,0.36619365141356225,0.3544298087333093,0.5268348276647662,0.30537901124141437,0.33311287477954143,0.6015904756274538,0.3032792449735522,0.33664185277088504,0.47618064858792725,0.1348279479546805,0.09022265872298758
ANOVA,Polynomial,LinearSVC,"{'C': 0.8698379376569618, 'class_weight': 'balanced', 'dual': False, 'fit_intercept': True, 'intercept_scaling': 1, 'loss': 'squared_hinge', 'max_iter': 1000, 'multi_class': 'ovr', 'penalty': 'l2', 'random_state': 120, 'tol': 0.0001, 'verbose': 0}",no,,22,"['Brush_teeth_ytd', 'Safety_toplay_scale', 'Health_scale', 'School_scale', 'Family_scale', 'Friends_scale', 'Looks_scale', 'Life_scale', 'WIMD_2019_Rank', 'Sports_in_week_0', 'Tired_in_week_0', 'Concentrate_in_week_2', 'Hours_slept', 'Doingwell_schoolwork_1', 'Doingwell_schoolwork_0', 'Lots_of_choices_important_0', 'Lots_of_things_good_at_1', 'Outdoorplay_freq_3', 'Gender_Girl', 'Awaketime_today_cos', 'Awaketime_today_hour_sin', 'Timestamp_day_of_month_sin']",no,yes,4,0.537219235960194,0.38248570122550135,0.343944099378882,0.4853130440790128,0.37496744812151456,0.34193898344841744,0.537219235960194,0.38248570122550135,0.343944099378882,0.49595614539281646,0.34655290621994767,0.3377214068825911,0.35113298678801486,0.17478422641280836,0.1927941587580248
FeatureWiz,Sum,LinearSVC,"{'C': 0.07000213827377205, 'class_weight': 'balanced', 'dual': False, 'fit_intercept': True, 'intercept_scaling': 1, 'loss': 'squared_hinge', 'max_iter': 1000, 'multi_class': 'ovr', 'penalty': 'l1', 'random_state': 120, 'tol': 0.0001, 'verbose': 0}",yes,0.8172516217804174,73,"['Method_of_keepintouch_By phone (texting, calling or video calling);On social media', 'Keep_in_touch_family_outside_household', 'Play_inall_places_3', 'Gender_Prefer not to say', 'Contact_by_visit', 'Healthy_Cereal_Brk', 'Enoughtime_toplay_1', 'Family_scale', 'Fruitveg_ytd_0', 'Easywalk_topark', 'Sleeptime_ytd_sin', 'Lots_of_things_good_at_2', 'Contact_by_game', 'Number_people_household_4', 'Sports_in_week_0', 'Method_of_keepintouch_I live near them so I can see them (at a social distance);By phone (texting, calling or video calling);On social media;On games consoles', 'Health_scale', 'Read_Info_Sheet', 'Concentrate_in_week_1', 'Tired_in_week_1', 'Sugarsnack_in_week_1', 'Internet_in_week_2', 'Life_scale', 'Awaketime_today_cos', 'Tired_in_week_2', 'Method_of_keepintouch_By phone (texting, calling or video calling);On social media;On games consoles', 'School_Health_Records', 'Method_of_keepintouch_I live near them so I can see them (at a social distance);By phone (texting, calling or video calling);On social media', 'Method_of_keepintouch_I live near them so I can see them (at a social distance);By phone (texting, calling or video calling)', 'Garden', 'Play_near_water', 'Method_of_keepintouch_I live near them so I can see them (at a social distance);By phone (texting, calling or video calling);On games consoles', 'Outdoorplay_freq_1', 'Outdoorplay_freq_3', 'Lots_of_choices_important_0', 'Softdrink_in_week_3', 'Lots_of_things_good_at_1', 'Tired_in_week_0', 'WIMD_2019_Rank', 'Lots_of_choices_important_1', 'Internet_in_week_1', 'age', 'Yogurt_Brk', 'Play_in_garden', 'Sports_in_week_2', 'Play_in_field', 'School_scale', 'Softdrink_in_week_0', 'Num_Breakfast_ytd', 'Sleeptime_ytd_hour_cos', 'Snacks_Brk', 'Sports_in_week_1', 'Tired_in_week_3', 'Birth_Date_quarter_cos', 'Gender_Girl', 'Timestamp_day_of_month_sin', 'Timestamp_week_cos', 'Lots_of_things_good_at_4', 'Sugarsnack_in_week_2', 'Timestamp_day_of_week_sin', 'Softdrink_in_week_1', 'Type_of_play_places_In my house;In my garden', 'Safety_toplay_scale', 'Sugarsnack_in_week_0', 'Homespace_relax_Sometimes but not all the time', 'Birth_Date_month_sin', 'Awaketime_today_sin', 'Timestamp_month_sin', 'Takeawayfood_in_week_0', 'Contact_by_phone', 'Birth_Date_day_of_year_cos', 'Lots_of_choices_important_3', 'cluster_distance']",no,yes,5,0.45629235633247617,0.31935565284708495,0.3526915113871636,0.544651006939854,0.4820695275206554,0.35727969348659006,0.45629235633247617,0.31935565284708495,0.3526915113871636,0.45581279998252605,0.3264594719101858,0.3411513859275053,0.32289920114265064,0.17344516674553634,0.205464815583839
FeatureImportance_ET,Backward Difference,KNeighborsClassifier,"{'algorithm': 'auto', 'leaf_size': 29, 'metric': 'minkowski', 'metric_params': None, 'n_jobs': 2, 'n_neighbors': 9, 'p': 2, 'weights': 'distance'}",no,,21,"['Fruitveg_ytd_0', 'Safety_toplay_scale', 'WIMD_2019_Rank', 'WIMD_2019_Decile', 'WIMD_2019_Quintile', 'WIMD_2019_Quartile', 'Tired_in_week_2', 'Sugarsnack_in_week_0', 'Sugarsnack_in_week_1', 'age', 'Birth_Date_year', 'Play_in_house', 'Play_inall_places_2', 'Play_inall_places_3', 'Gender_Boy', 'Gender_Girl', 'Type_of_play_places_In my garden;In my school playground', 'Timestamp_month_cos', 'Timestamp_week_cos', 'Timestamp_day_of_month_sin', 'Timestamp_day_of_year_cos']",smoteen,yes,1,1.0,0.341461193524127,0.26666666666666666,1.0,0.39562077502948867,0.2796218487394958,1.0,0.341461193524127,0.26666666666666666,1.0,0.3464747708361138,0.2698231349041486,1.0,0.1187646236082069,0.024563357229246612
FeatureWiz,Backward Difference,KNeighborsClassifier,"{'algorithm': 'auto', 'leaf_size': 26, 'metric': 'minkowski', 'metric_params': None, 'n_jobs': 2, 'n_neighbors': 5, 'p': 1, 'weights': 'distance'}",no,,58,"['Tired_in_week_1', 'Awaketime_today_hour_sin', 'Birth_Date_year', 'Feel_partof_community_1', 'Number_people_household_4', 'WIMD_2019_Rank', 'Friends_scale', 'Timestamp_day_of_year_cos', 'Play_in_garden', 'Awaketime_today_sin', 'Sugarsnack_in_week_1', 'Type_of_play_places_In my garden', 'Birth_Date_day_of_year_cos', 'Fruitveg_ytd_1', 'Takeawayfood_in_week_0', 'Birth_Date_day_of_year_sin', 'Breakfast_ytd_Cooked breakfast', 'Birth_Date_day_of_month_cos', 'Easywalk_somewhere', 'Num_Breakfast_ytd', 'Birth_Date_day_of_week_cos', 'Method_of_keepintouch_Rare', 'Softdrink_in_week_2', 'Concentrate_in_week_1', 'Health_scale', 'Concentrate_in_week_2', 'Method_of_keepintouch_By phone (texting, calling or video calling);On games consoles', 'Type_of_play_places_In my house;In my garden', 'Keep_in_touch_friends', 'School_scale', 'Garden', 'Timestamp_day_of_month_sin', 'Breakfast_ytd_Healthy cereal e.g. porridge, weetabix, readybrek, muesli, branflakes, cornflakes', 'Internet_in_week_2', 'Study_Year', 'Gender_Girl', 'Homespace_relax_Sometimes but not all the time', 'Play_inall_places_1', 'Sugarsnack_in_week_2', 'Play_in_house', 'Sports_in_week_2', 'Safety_toplay_scale', 'Type_of_play_places_In my garden;In my school playground', 'Sleeptime_ytd_cos', 'Outdoorplay_freq_3', 'Lots_of_choices_important_4', 'Timestamp_month_sin', 'Doingwell_schoolwork_3', 'Tired_in_week_3', 'Breakfast_ytd_Toast', 'Number_people_household_2', 'Num_Method_of_keepintouch', 'Internet_in_week_0', 'Lots_of_things_good_at_4', 'Birth_Date_quarter_cos', 'Breakfast_ytd_Sugary cereal e.g. cocopops, frosties, sugar puffs, chocolate cereals', 'Enoughtime_toplay_2', 'Going_school_No, I am at home']",smoteen,yes,2,1.0,0.28579414356138144,0.320679012345679,1.0,0.33507435420883186,0.2936841277332075,1.0,0.28579414356138144,0.320679012345679,1.0,0.2863282861152571,0.30484848484848487,1.0,0.06525168091773571,0.14572881410828006
FeatureImportance_ET,Polynomial,KNeighborsClassifier,"{'algorithm': 'auto', 'leaf_size': 33, 'metric': 'minkowski', 'metric_params': None, 'n_jobs': 2, 'n_neighbors': 3, 'p': 3, 'weights': 'distance'}",no,,19,"['Brush_teeth_ytd', 'Safety_toplay_scale', 'Health_scale', 'School_scale', 'Family_scale', 'Friends_scale', 'Looks_scale', 'Life_scale', 'Tired_in_week_0', 'Concentrate_in_week_3', 'Softdrink_in_week_0', 'Hours_slept', 'Play_inall_places_0', 'Homespace_relax_Yes', 'Sleeptime_ytd_sin', 'Awaketime_today_cos', 'Awaketime_today_hour_sin', 'Birth_Date_day_of_month_sin', 'Birth_Date_day_of_month_cos']",no,yes,3,1.0,0.2689276485788114,0.2623456790123457,1.0,0.32713322644933585,0.24919743178170145,1.0,0.2689276485788114,0.2623456790123457,1.0,0.2763899140084049,0.25477941176470587,1.0,0.051828224784103906,0.05330473055288675
Lasso,Sum,KNeighborsClassifier,"{'algorithm': 'auto', 'leaf_size': 33, 'metric': 'minkowski', 'metric_params': None, 'n_jobs': 2, 'n_neighbors': 9, 'p': 1, 'weights': 'distance'}",no,,6,"['age', 'Looks_scale', 'Study_Year', 'Gender_Girl', 'School_scale', 'Concentrate_in_week_1']",smoteen,yes,4,0.793080220326905,0.3480153603215619,0.2710662525879917,0.8951894159766546,0.3757884459071475,0.2730902777777778,0.793080220326905,0.3480153603215619,0.2710662525879917,0.8323404440104508,0.29824993518209614,0.27196949261909675,0.7776278036823223,0.09657124944468098,0.06971772260420467
FeatureImportance_ET,Polynomial,KNeighborsClassifier,"{'algorithm': 'auto', 'leaf_size': 18, 'metric': 'minkowski', 'metric_params': None, 'n_jobs': 2, 'n_neighbors': 3, 'p': 2, 'weights': 'distance'}",no,,27,"['Brush_teeth_ytd', 'Safety_toplay_scale', 'Health_scale', 'School_scale', 'Family_scale', 'Friends_scale', 'Looks_scale', 'Life_scale', 'WIMD_2019_Rank', 'WIMD_2019_Quartile', 'Sports_in_week_0', 'Tired_in_week_0', 'Tired_in_week_2', 'Sugarsnack_in_week_0', 'Hours_slept', 'Birth_Date_year', 'Lots_of_choices_important_2', 'Sleeptime_ytd_sin', 'Sleeptime_ytd_cos', 'Awaketime_today_cos', 'Sleeptime_ytd_hour_sin', 'Sleeptime_ytd_hour_cos', 'Awaketime_today_hour_sin', 'Awaketime_today_hour_cos', 'Timestamp_day_of_month_sin', 'Birth_Date_day_of_month_sin', 'Birth_Date_day_of_month_cos']",no,yes,5,1.0,0.2897995948511044,0.28512767425810903,1.0,0.3634806867260271,0.33674863387978143,1.0,0.2897995948511044,0.28512767425810903,1.0,0.29632630705761215,0.2900680256096413,1.0,0.08155136271026721,0.07782425363317672
Lasso,Polynomial,GaussianNB,"{'priors': None, 'var_smoothing': 3.5741379536132353e-09}",no,,21,"['Looks_scale', 'School_scale', 'Health_scale', 'Friends_scale', 'WIMD_2019_Rank', 'Safety_toplay_scale', 'Life_scale', 'Num_Type_of_play_places', 'Hours_slept', 'Family_scale', 'age', 'Brush_teeth_ytd', 'Birth_Date_year', 'Tired_in_week_0', 'Num_Method_of_keepintouch', 'Concentrate_in_week_0', 'Fruitveg_ytd_0', 'Awaketime_today_halfhour', 'Play_in_grass_area', 'Study_Year', 'Softdrink_in_week_1']",no,no,1,0.4777603870334484,0.3835686724762612,0.3265432098765432,0.43488403898010675,0.3794495759113739,0.284433812721561,0.4777603870334484,0.3835686724762612,0.3265432098765432,0.4454794436459448,0.37740331644008235,0.2970477231479954,0.2922644152641308,0.2105523125201388,0.09725925058559201
Lasso,Polynomial,GaussianNB,"{'priors': None, 'var_smoothing': 1.8420039086187911e-06}",no,,10,"['School_scale', 'Looks_scale', 'Safety_toplay_scale', 'Health_scale', 'Life_scale', 'WIMD_2019_Rank', 'Friends_scale', 'Num_Type_of_play_places', 'Family_scale', 'Hours_slept']",no,no,2,0.39095442201302655,0.3620126705653022,0.3222222222222222,0.38967572762835223,0.35557502750118025,0.29545454545454547,0.39095442201302655,0.3620126705653022,0.3222222222222222,0.38326734966120163,0.354703140093434,0.3024260138838144,0.20571717089283945,0.18221022607996315,0.18772814568124674
FeatureImportance_ET,Polynomial,GaussianNB,"{'priors': None, 'var_smoothing': 0.15758824642244726}",no,,14,"['Awaketime_today', 'Safety_toplay_scale', 'Doingwell_schoolwork', 'Health_scale', 'School_scale', 'Family_scale', 'Friends_scale', 'Looks_scale', 'Life_scale', 'Enoughtime_toplay', 'Play_inall_places', 'Homespace_relax', 'Tired_in_week_0', 'Awaketime_today_hour']",no,no,3,0.37239769750055457,0.3406167870315157,0.36177248677248675,0.3920755135463872,0.36671991889563293,0.39870562130177517,0.37239769750055457,0.3406167870315157,0.36177248677248675,0.3747626687233498,0.3499557097990654,0.3764661453705349,0.20875655926472628,0.2025077861478959,0.17058330777604183
BorutaShap,Backward Difference,GaussianNB,"{'priors': None, 'var_smoothing': 0.0012635718261395118}",no,,4,"['Safety_toplay_scale', 'Looks_scale', 'Life_scale', 'Health_scale']",no,no,4,0.3819699711360407,0.3343881748946009,0.24648033126293994,0.3681640464995852,0.3509869161853068,0.23848039215686276,0.3819699711360407,0.3343881748946009,0.24648033126293994,0.3672346657069933,0.3374490890416351,0.24208347320129797,0.20819751590409732,0.17287111573679084,0.109306108774019
BorutaShap,Backward Difference,GaussianNB,"{'priors': None, 'var_smoothing': 0.0012635718261395118}",no,,3,"['Looks_scale', 'Life_scale', 'Health_scale']",no,no,5,0.34721620206573117,0.35151901776238786,0.2959109730848861,0.37905975710961215,0.39275160511559615,0.3123214285714286,0.34721620206573117,0.35151901776238786,0.2959109730848861,0.35352788460615203,0.3505043843548486,0.2897086466165414,0.20452405487615918,0.18749928685219605,0.16762808271705398
Lasso,Backward Difference,DecisionTreeClassifier,"{'ccp_alpha': 0.007779847610409271, 'class_weight': None, 'criterion': 'gini', 'max_depth': None, 'max_features': None, 'max_leaf_nodes': None, 'min_impurity_decrease': 0.0, 'min_samples_leaf': 1, 'min_samples_split': 2, 'min_weight_fraction_leaf': 0.0, 'random_state': 120, 'splitter': 'best'}",no,,5,"['WIMD_2019_Rank', 'Looks_scale', 'School_scale', 'age', 'Health_scale']",smoteen,no,1,0.416932599753373,0.2884788943055977,0.2787037037037037,0.41774473977509335,0.3389925694735157,0.28214285714285714,0.416932599753373,0.2884788943055977,0.2787037037037037,0.4044010706585301,0.27766165897048234,0.2775711189017047,0.19436055451185694,0.061222042324523274,0.04239986733573375
Lasso,Sum,DecisionTreeClassifier,"{'ccp_alpha': 0.004073310916204534, 'class_weight': 'balanced', 'criterion': 'gini', 'max_depth': None, 'max_features': None, 'max_leaf_nodes': None, 'min_impurity_decrease': 0.0, 'min_samples_leaf': 1, 'min_samples_split': 2, 'min_weight_fraction_leaf': 0.0, 'random_state': 120, 'splitter': 'best'}",no,,19,"['School_scale', 'Looks_scale', 'Safety_toplay_scale', 'Health_scale', 'Life_scale', 'WIMD_2019_Rank', 'Friends_scale', 'Num_Type_of_play_places', 'Family_scale', 'Hours_slept', 'age', 'Tired_in_week_2', 'Fruitveg_ytd_0', 'Tired_in_week_0', 'Softdrink_in_week_0', 'Concentrate_in_week_2', 'Brush_teeth_ytd', 'Concentrate_in_week_1', 'Concentrate_in_week_0']",no,no,2,0.9411756506411986,0.32119127491424515,0.24691358024691357,0.6064097215903653,0.311402476241243,0.2677939876215738,0.9411756506411986,0.32119127491424515,0.24691358024691357,0.6953952576010979,0.2973171518908925,0.2191969029687604,0.6144935569028843,0.0950426503429873,0.06112114035692601
FeatureImportance_ET,Backward Difference,DecisionTreeClassifier,"{'ccp_alpha': 0.05964954705552104, 'class_weight': None, 'criterion': 'gini', 'max_depth': None, 'max_features': None, 'max_leaf_nodes': None, 'min_impurity_decrease': 0.0, 'min_samples_leaf': 1, 'min_samples_split': 2, 'min_weight_fraction_leaf': 0.0, 'random_state': 120, 'splitter': 'best'}",no,,1,['Birth_Date_day_of_year'],smoteen,no,3,0.5398867785391823,0.2568708728107953,0.26807760141093473,0.5579056554590008,0.2769151727658929,0.25485685071574643,0.5398867785391823,0.2568708728107953,0.26807760141093473,0.5325558578299899,0.2570036716678679,0.26072115384615385,0.40281757545530295,0.005290675413582246,0.0509995078646709
FeatureWiz,Backward Difference,DecisionTreeClassifier,"{'ccp_alpha': 0.0011606327157163473, 'class_weight': None, 'criterion': 'gini', 'max_depth': None, 'max_features': None, 'max_leaf_nodes': None, 'min_impurity_decrease': 0.0, 'min_samples_leaf': 1, 'min_samples_split': 2, 'min_weight_fraction_leaf': 0.0, 'random_state': 120, 'splitter': 'best'}",no,,46,"['Easywalk_somewhere', 'Number_people_household_4', 'Tired_in_week_2', 'Brush_teeth_ytd', 'Easywalk_topark', 'Family_scale', 'Concentrate_in_week_2', 'Softdrink_in_week_3', 'Num_Type_of_play_places', 'Nothing_Brk', 'Sports_in_week_3', 'Play_in_field', 'Keep_in_touch_friends', 'Sports_in_week_1', 'School_scale', 'Health_scale', 'Play_in_bike_or_park', 'Takeawayfood_in_week_0', 'Play_in_woods', 'Hours_slept', 'Timestamp_day_of_week', 'Sugarsnack_in_week_0', 'School_Health_Records', 'Sugarsnack_in_week_3', 'Read_Info_Sheet', 'Play_in_playground', 'Life_scale', 'Safety_toplay_scale', 'Outdoorplay_freq', 'Takeawayfood_in_week_2', 'Sugarsnack_in_week_2', 'Sleeptime_ytd_halfhour', 'Number_people_household_3', 'Play_near_water', 'Sleeptime_ytd', 'Awaketime_today', 'WIMD_2019_Rank', 'Timestamp_week', 'Timestamp_day_of_year', 'Number_people_household_0', 'Yogurt_Brk', 'Timestamp_month', 'Softdrink_in_week_2', 'age', 'Tired_in_week_1', 'Internet_in_week_0']",no,no,4,0.595244681093397,0.3208976494854708,0.30269151138716355,0.6723208160278368,0.33812570906291245,0.357546408393866,0.595244681093397,0.3208976494854708,0.30269151138716355,0.6230370316104783,0.3081147197108414,0.315761161915008,0.5369643333662563,0.08700480469849019,0.16834807576437633
ANOVA,Helmert,DecisionTreeClassifier,"{'ccp_alpha': 0.005281798602906014, 'class_weight': 'balanced', 'criterion': 'gini', 'max_depth': None, 'max_features': None, 'max_leaf_nodes': None, 'min_impurity_decrease': 0.0, 'min_samples_leaf': 1, 'min_samples_split': 2, 'min_weight_fraction_leaf': 0.0, 'random_state': 120, 'splitter': 'best'}",no,,21,"['Fruitveg_ytd_1', 'Brush_teeth_ytd', 'Safety_toplay_scale', 'Doingwell_schoolwork', 'Lots_of_choices_important', 'Lots_of_things_good_at', 'Health_scale', 'School_scale', 'Family_scale', 'Friends_scale', 'Looks_scale', 'Life_scale', 'Enoughtime_toplay', 'Sports_in_week_1', 'Tired_in_week_2', 'Tired_in_week_3', 'Concentrate_in_week_2', 'Softdrink_in_week_1', 'Hours_slept', 'Awaketime_today_hour', 'Nothing_Brk']",no,no,5,0.5954834678350157,0.3661767727225704,0.3717736369910283,0.4461683617904478,0.3103387608456641,0.30542264752791065,0.5954834678350157,0.3661767727225704,0.3717736369910283,0.4728824584758658,0.3023449909587946,0.2688355387150568,0.31877408976734894,0.1280870716773721,0.14089586743487645
Lasso,Helmert,RandomForestClassifier,"{'bootstrap': True, 'ccp_alpha': 0.04137541580152944, 'class_weight': 'balanced', 'criterion': 'gini', 'max_depth': None, 'max_features': 'sqrt', 'max_leaf_nodes': None, 'max_samples': None, 'min_impurity_decrease': 0.0, 'min_samples_leaf': 1, 'min_samples_split': 2, 'min_weight_fraction_leaf': 0.0, 'n_estimators': 100, 'n_jobs': 2, 'oob_score': False, 'random_state': 120, 'verbose': 0, 'warm_start': False}",no,,30,"['Looks_scale', 'School_scale', 'Health_scale', 'Friends_scale', 'Safety_toplay_scale', 'WIMD_2019_Rank', 'Tired_in_week_3', 'Life_scale', 'Concentrate_in_week_3', 'Concentrate_in_week_2', 'Num_Type_of_play_places', 'Sports_in_week_2', 'Hours_slept', 'Sports_in_week_1', 'Internet_in_week_2', 'Tired_in_week_2', 'Fruitveg_ytd_1', 'Softdrink_in_week_1', 'Tired_in_week_1', 'Number_people_household_2', 'Family_scale', 'Sugarsnack_in_week_0', 'Softdrink_in_week_0', 'Sugarsnack_in_week_1', 'Brush_teeth_ytd', 'age', 'Internet_in_week_0', 'Softdrink_in_week_3', 'Number_people_household_4', 'Num_Method_of_keepintouch']",no,no,1,0.6396565344610922,0.4076992238762944,0.29845679012345677,0.4440218883514184,0.342268769217502,0.2915493862862284,0.6396565344610922,0.4076992238762944,0.29845679012345677,0.4892579841683193,0.34673958100050273,0.2817292171105731,0.35642715306704403,0.22088714809418386,0.08238412878738106
Lasso,Polynomial,RandomForestClassifier,"{'bootstrap': True, 'ccp_alpha': 0.04395982073160704, 'class_weight': 'balanced', 'criterion': 'gini', 'max_depth': None, 'max_features': 'sqrt', 'max_leaf_nodes': None, 'max_samples': None, 'min_impurity_decrease': 0.0, 'min_samples_leaf': 1, 'min_samples_split': 2, 'min_weight_fraction_leaf': 0.0, 'n_estimators': 100, 'n_jobs': 2, 'oob_score': False, 'random_state': 120, 'verbose': 0, 'warm_start': False}",no,,18,"['School_scale', 'Looks_scale', 'Safety_toplay_scale', 'Health_scale', 'Life_scale', 'WIMD_2019_Rank', 'Friends_scale', 'Num_Type_of_play_places', 'Family_scale', 'Hours_slept', 'age', 'Brush_teeth_ytd', 'Concentrate_in_week_0', 'Awaketime_today_halfhour', 'Fruitveg_ytd_0', 'Softdrink_in_week_2', 'Softdrink_in_week_1', 'Tired_in_week_0']",no,no,2,0.6169368567468023,0.39853801169590647,0.2716049382716049,0.4089059019229733,0.34260113590521013,0.24988102587847918,0.6169368567468023,0.39853801169590647,0.2716049382716049,0.4431357260851259,0.34033622306700756,0.22486678639262722,0.30820597401059896,0.15997502443918254,0.09871831195224584
FeatureImportance_ET,Sum,RandomForestClassifier,"{'bootstrap': True, 'ccp_alpha': 0.030546281923904812, 'class_weight': 'balanced', 'criterion': 'gini', 'max_depth': None, 'max_features': 'sqrt', 'max_leaf_nodes': None, 'max_samples': None, 'min_impurity_decrease': 0.0, 'min_samples_leaf': 1, 'min_samples_split': 2, 'min_weight_fraction_leaf': 0.0, 'n_estimators': 100, 'n_jobs': 2, 'oob_score': False, 'random_state': 120, 'verbose': 0, 'warm_start': False}",no,,24,"['Brush_teeth_ytd', 'Sleeptime_ytd', 'Awaketime_today', 'Safety_toplay_scale', 'Doingwell_schoolwork', 'Lots_of_choices_important', 'Lots_of_things_good_at', 'Health_scale', 'School_scale', 'Family_scale', 'Friends_scale', 'Looks_scale', 'Life_scale', 'Enoughtime_toplay', 'Play_inall_places', 'Homespace_relax', 'Tired_in_week_3', 'Hours_slept', 'Timestamp_day_of_week', 'Timestamp_day_of_year', 'Birth_Date_week', 'Birth_Date_day_of_week', 'Sleeptime_ytd_hour', 'Awaketime_today_hour']",no,no,3,0.6155083574644628,0.3567343580909472,0.345679012345679,0.5035946557706429,0.3630674115404817,0.3242729716520039,0.6155083574644628,0.3567343580909472,0.345679012345679,0.5382560806407354,0.3508436788972166,0.3132978723404255,0.3751123805243675,0.19415442771832556,0.114070352741572
Lasso,Helmert,RandomForestClassifier,"{'bootstrap': True, 'ccp_alpha': 0.009888452029367292, 'class_weight': 'balanced_subsample', 'criterion': 'gini', 'max_depth': None, 'max_features': 'sqrt', 'max_leaf_nodes': None, 'max_samples': None, 'min_impurity_decrease': 0.0, 'min_samples_leaf': 1, 'min_samples_split': 2, 'min_weight_fraction_leaf': 0.0, 'n_estimators': 100, 'n_jobs': 2, 'oob_score': False, 'random_state': 120, 'verbose': 0, 'warm_start': False}",no,,24,"['School_scale', 'Looks_scale', 'Safety_toplay_scale', 'Health_scale', 'Friends_scale', 'Life_scale', 'WIMD_2019_Rank', 'Concentrate_in_week_3', 'Tired_in_week_3', 'Concentrate_in_week_1', 'Concentrate_in_week_2', 'Num_Type_of_play_places', 'Sports_in_week_1', 'Sports_in_week_2', 'Softdrink_in_week_2', 'Tired_in_week_2', 'Hours_slept', 'Family_scale', 'Number_people_household_3', 'Tired_in_week_1', 'Number_people_household_4', 'Internet_in_week_2', 'age', 'Softdrink_in_week_0']",no,no,4,0.933486118823029,0.3704394087069525,0.3795548654244306,0.7597341531747542,0.35870180014155345,0.33060897435897435,0.933486118823029,0.3704394087069525,0.3795548654244306,0.8272086501494464,0.35979576353034654,0.331388628553577,0.7355760441737499,0.18018196329445288,0.2477424174424109
FeatureImportance_ET,Helmert,RandomForestClassifier,"{'bootstrap': True, 'ccp_alpha': 0.019671706007312988, 'class_weight': 'balanced', 'criterion': 'gini', 'max_depth': None, 'max_features': 'sqrt', 'max_leaf_nodes': None, 'max_samples': None, 'min_impurity_decrease': 0.0, 'min_samples_leaf': 1, 'min_samples_split': 2, 'min_weight_fraction_leaf': 0.0, 'n_estimators': 100, 'n_jobs': 2, 'oob_score': False, 'random_state': 120, 'verbose': 0, 'warm_start': False}",no,,17,"['Brush_teeth_ytd', 'Safety_toplay_scale', 'Doingwell_schoolwork', 'Lots_of_choices_important', 'Lots_of_things_good_at', 'Health_scale', 'School_scale', 'Family_scale', 'Friends_scale', 'Looks_scale', 'Life_scale', 'Enoughtime_toplay', 'Play_inall_places', 'Homespace_relax', 'Tired_in_week_2', 'Tired_in_week_3', 'Awaketime_today_hour']",no,no,5,0.6453402285170915,0.3548282156477791,0.3154244306418219,0.5208344456893162,0.36090687637607033,0.28995372443648304,0.6453402285170915,0.3548282156477791,0.3154244306418219,0.5568006906944932,0.3459835820078036,0.29575163398692805,0.40928194559068753,0.1775439743344063,0.1109754303066582
ANOVA,Sum,ExtraTreesClassifier,"{'bootstrap': False, 'ccp_alpha': 0.005153596134930036, 'class_weight': 'balanced_subsample', 'criterion': 'gini', 'max_depth': None, 'max_features': 'sqrt', 'max_leaf_nodes': None, 'max_samples': None, 'min_impurity_decrease': 0.0, 'min_samples_leaf': 1, 'min_samples_split': 2, 'min_weight_fraction_leaf': 0.0, 'n_estimators': 100, 'n_jobs': 2, 'oob_score': False, 'random_state': 120, 'verbose': 0, 'warm_start': False}",no,,17,"['Fruitveg_ytd_0', 'Brush_teeth_ytd', 'Safety_toplay_scale', 'Lots_of_things_good_at', 'Health_scale', 'School_scale', 'Family_scale', 'Friends_scale', 'Looks_scale', 'Life_scale', 'Sports_in_week_2', 'Tired_in_week_0', 'Tired_in_week_1', 'Tired_in_week_2', 'Tired_in_week_3', 'Concentrate_in_week_1', 'Hours_slept']",no,no,1,0.9312036395231237,0.32959114745885454,0.3731481481481481,0.7000490424167433,0.3113995812762416,0.31818954829224405,0.9312036395231237,0.32959114745885454,0.3731481481481481,0.7818536475126919,0.30993368284312534,0.319956600095627,0.694422329448633,0.13902486403971068,0.20189591000722873
MutualInformation,Backward Difference,ExtraTreesClassifier,"{'bootstrap': False, 'ccp_alpha': 0.005879069612703673, 'class_weight': 'balanced', 'criterion': 'gini', 'max_depth': None, 'max_features': 'sqrt', 'max_leaf_nodes': None, 'max_samples': None, 'min_impurity_decrease': 0.0, 'min_samples_leaf': 1, 'min_samples_split': 2, 'min_weight_fraction_leaf': 0.0, 'n_estimators': 100, 'n_jobs': 2, 'oob_score': False, 'random_state': 120, 'verbose': 0, 'warm_start': False}",no,,24,"['Concentrate_in_week_3', 'Tired_in_week_2', 'Family_scale', 'Looks_scale', 'Life_scale', 'Tired_in_week_1', 'School_scale', 'Sports_in_week_1', 'Brush_teeth_ytd', 'Hours_slept', 'Birth_Date_day_of_week', 'Tired_in_week_3', 'WIMD_2019_Rank', 'Outdoorplay_freq', 'Takeawayfood_in_week_1', 'Lots_of_choices_important', 'Sports_in_week_2', 'Concentrate_in_week_2', 'Play_in_garden', 'Safety_toplay_scale', 'Softdrink_in_week_0', 'Birth_Date_month', 'Health_scale', 'Play_in_field']",no,no,2,0.9289250224763149,0.35788091900393004,0.3885802469135803,0.6658005493805785,0.33228959738707814,0.324059770638718,0.9289250224763149,0.35788091900393004,0.3885802469135803,0.7531061795281541,0.33764455612132416,0.32822420634920635,0.6643158481467138,0.16262606644543992,0.1919011109224443
ANOVA,Sum,ExtraTreesClassifier,"{'bootstrap': False, 'ccp_alpha': 0.019876555227097473, 'class_weight': 'balanced', 'criterion': 'gini', 'max_depth': None, 'max_features': 'sqrt', 'max_leaf_nodes': None, 'max_samples': None, 'min_impurity_decrease': 0.0, 'min_samples_leaf': 1, 'min_samples_split': 2, 'min_weight_fraction_leaf': 0.0, 'n_estimators': 100, 'n_jobs': 2, 'oob_score': False, 'random_state': 120, 'verbose': 0, 'warm_start': False}",no,,3,"['Health_scale', 'School_scale', 'Life_scale']",no,no,3,0.5220553614573403,0.3807216093553303,0.3077601410934744,0.36466582647934404,0.3208931909266748,0.27907818532818535,0.5220553614573403,0.3807216093553303,0.3077601410934744,0.3826831932030217,0.317474053524841,0.2754015849218248,0.2536979658027257,0.19064941354967532,0.06644393010736681
ANOVA,Backward Difference,ExtraTreesClassifier,"{'bootstrap': False, 'ccp_alpha': 0.0032555773038392116, 'class_weight': 'balanced_subsample', 'criterion': 'gini', 'max_depth': None, 'max_features': 'sqrt', 'max_leaf_nodes': None, 'max_samples': None, 'min_impurity_decrease': 0.0, 'min_samples_leaf': 1, 'min_samples_split': 2, 'min_weight_fraction_leaf': 0.0, 'n_estimators': 100, 'n_jobs': 2, 'oob_score': False, 'random_state': 120, 'verbose': 0, 'warm_start': False}",no,,25,"['Gender', 'Fruitveg_ytd_1', 'Brush_teeth_ytd', 'Safety_toplay_scale', 'Doingwell_schoolwork', 'Health_scale', 'School_scale', 'Family_scale', 'Friends_scale', 'Looks_scale', 'Life_scale', 'WIMD_2019_Rank', 'WIMD_2019_Decile', 'WIMD_2019_Quintile', 'WIMD_2019_Quartile', 'Number_people_household_4', 'Sports_in_week_1', 'Sports_in_week_2', 'Tired_in_week_1', 'Tired_in_week_2', 'Tired_in_week_3', 'Concentrate_in_week_3', 'Softdrink_in_week_2', 'Hours_slept', 'Awaketime_today_hour']",no,no,4,0.9388451403607959,0.3492711780527978,0.3570910973084886,0.8800239269123825,0.37103637912534687,0.32129594058138045,0.9388451403607959,0.3492711780527978,0.3570910973084886,0.9035085437651387,0.35387267565761693,0.3224695031868642,0.8518858532014821,0.1733359076075277,0.25273741856892157
FeatureWiz,Helmert,ExtraTreesClassifier,"{'bootstrap': False, 'ccp_alpha': 0.006281752055930066, 'class_weight': 'balanced_subsample', 'criterion': 'gini', 'max_depth': None, 'max_features': 'sqrt', 'max_leaf_nodes': None, 'max_samples': None, 'min_impurity_decrease': 0.0, 'min_samples_leaf': 1, 'min_samples_split': 2, 'min_weight_fraction_leaf': 0.0, 'n_estimators': 100, 'n_jobs': 2, 'oob_score': False, 'random_state': 120, 'verbose': 0, 'warm_start': False}",no,,53,"['Number_people_household_4', 'Garden', 'Concentrate_in_week_3', 'Tired_in_week_2', 'Read_Info_Sheet', 'Healthy_Cereal_Brk', 'Softdrink_in_week_1', 'Num_Breakfast_ytd', 'Birth_Date_day_of_year', 'Life_scale', 'Fruitveg_ytd_0', 'Internet_in_week_2', 'Looks_scale', 'Other_children_inhouse', 'Play_in_garden', 'Going_school', 'Number_people_household_1', 'Yogurt_Brk', 'Easywalk_topark', 'Keep_in_touch_family_outside_household', 'Sugarsnack_in_week_1', 'Health_scale', 'Play_in_grass_area', 'Nothing_Brk', 'School_scale', 'Fruits_Brk', 'Play_in_bushes', 'Snacks_Brk', 'Safety_toplay_scale', 'Play_in_street', 'WIMD_2019_Decile', 'Softdrink_in_week_2', 'School_Health_Records', 'Sports_in_week_3', 'Play_near_water', 'Play_in_house', 'Tired_in_week_0', 'Takeawayfood_in_week_0', 'Play_inall_places', 'Timestamp_day_of_year', 'Tired_in_week_1', 'Play_in_woods', 'Sugarsnack_in_week_3', 'Timestamp_month', 'Timestamp_day_of_week', 'Awaketime_today', 'Takeawayfood_in_week_1', 'Sleeptime_ytd', 'Type_of_play_places', 'Sugarsnack_in_week_2', 'Sugary_Cereal_Brk', 'Birth_Date_year', 'Tired_in_week_3']",no,no,5,0.9486768607205575,0.3546823146782347,0.4384575569358178,0.7202441706883885,0.3358136290794696,0.34869013012181616,0.9486768607205575,0.3546823146782347,0.4384575569358178,0.8030222924065268,0.32873990223850963,0.3669148936170213,0.7227539017525922,0.16486337731336095,0.1750582519707964
FeatureWiz,Backward Difference,AdaBoostClassifier,"{'algorithm': 'SAMME.R', 'base_estimator': None, 'learning_rate': 0.1635872001937003, 'n_estimators': 100, 'random_state': 120}",no,,31,"['Birth_Date_day_of_year', 'Birth_Date_year', 'Study_Year', 'Play_in_house', 'Yogurt_Brk', 'Concentrate_in_week_2', 'Sugarsnack_in_week_3', 'WIMD_2019_Rank', 'Tired_in_week_2', 'Friends_scale', 'Healthy_Cereal_Brk', 'Nothing_Brk', 'Softdrink_in_week_3', 'Awaketime_today_halfhour', 'Looks_scale', 'Internet_in_week_0', 'Play_in_field', 'Softdrink_in_week_1', 'Hours_slept', 'Snacks_Brk', 'Play_near_water', 'School_scale', 'Safety_toplay_scale', 'Takeawayfood_in_week_0', 'Read_Info_Sheet', 'Play_in_garden', 'Easywalk_somewhere', 'Num_Type_of_play_places', 'Play_in_playground', 'Num_Breakfast_ytd', 'Num_Method_of_keepintouch']",smoteen,no,1,0.5047688381271818,0.3107627083427777,0.2762345679012346,0.6276884566762398,0.38273970181864914,0.46111111111111114,0.5047688381271818,0.3107627083427777,0.2762345679012346,0.5312136368292362,0.3252888937305058,0.29365079365079366,0.3554569995694208,0.12618578073461223,0.008497333632569121
Lasso,Helmert,AdaBoostClassifier,"{'algorithm': 'SAMME.R', 'base_estimator': None, 'learning_rate': 0.3239902733014117, 'n_estimators': 100, 'random_state': 120}",no,,25,"['School_scale', 'Looks_scale', 'Safety_toplay_scale', 'Health_scale', 'Life_scale', 'Concentrate_in_week_2', 'Friends_scale', 'WIMD_2019_Rank', 'Tired_in_week_3', 'Concentrate_in_week_3', 'Num_Type_of_play_places', 'Fruitveg_ytd_1', 'Sports_in_week_1', 'Family_scale', 'Tired_in_week_2', 'Softdrink_in_week_1', 'Tired_in_week_1', 'Sports_in_week_2', 'Softdrink_in_week_0', 'Hours_slept', 'Internet_in_week_1', 'Number_people_household_2', 'Sugarsnack_in_week_1', 'Softdrink_in_week_3', 'Sugarsnack_in_week_0']",no,no,2,0.3818468325133999,0.2924763324115629,0.27870370370370373,0.5723591390930478,0.3719629916907022,0.34103260869565216,0.3818468325133999,0.2924763324115629,0.27870370370370373,0.42043955731605814,0.30249481383588567,0.28240036507453603,0.23494501596272563,0.11985557957827146,0.184429080768712
Lasso,Sum,AdaBoostClassifier,"{'algorithm': 'SAMME.R', 'base_estimator': None, 'learning_rate': 0.26918372951034886, 'n_estimators': 100, 'random_state': 120}",no,,10,"['WIMD_2019_Rank', 'School_scale', 'Safety_toplay_scale', 'Looks_scale', 'Health_scale', 'Life_scale', 'Friends_scale', 'Num_Type_of_play_places', 'age', 'Family_scale']",no,no,3,0.3223957602654724,0.2931919322423198,0.3167989417989418,0.49713580818462083,0.37790037701827717,0.5148648648648648,0.3223957602654724,0.2931919322423198,0.3167989417989418,0.3353912277240337,0.3024054024358467,0.3332732949087416,0.21002450041008083,0.14455690811053165,0.20662227319282234
ANOVA,Backward Difference,AdaBoostClassifier,"{'algorithm': 'SAMME.R', 'base_estimator': None, 'learning_rate': 0.7279251689180937, 'n_estimators': 100, 'random_state': 120}",no,,8,"['Safety_toplay_scale', 'Health_scale', 'School_scale', 'Family_scale', 'Friends_scale', 'Looks_scale', 'Life_scale', 'Tired_in_week_2']",no,no,4,0.35180108199505633,0.3418045544524533,0.2745859213250518,0.3600495241806709,0.34416879291879293,0.23928571428571427,0.35180108199505633,0.3418045544524533,0.2745859213250518,0.34702224642419593,0.3380247810208085,0.2544642857142857,0.14327251876815747,0.132869050610978,0.08292380813643119
Lasso,Backward Difference,AdaBoostClassifier,"{'algorithm': 'SAMME.R', 'base_estimator': None, 'learning_rate': 0.34984858254822315, 'n_estimators': 100, 'random_state': 120}",no,,24,"['Looks_scale', 'School_scale', 'Health_scale', 'Safety_toplay_scale', 'Friends_scale', 'Life_scale', 'Num_Type_of_play_places', 'Family_scale', 'Hours_slept', 'age', 'Brush_teeth_ytd', 'Concentrate_in_week_2', 'Sports_in_week_1', 'Tired_in_week_2', 'Awaketime_today_halfhour', 'Concentrate_in_week_1', 'Study_Year', 'Softdrink_in_week_0', 'Num_Method_of_keepintouch', 'WIMD_2019_Rank', 'Tired_in_week_3', 'Play_in_grass_area', 'Sports_in_week_2', 'Bread_Brk']",no,no,5,0.34037592076412543,0.3093572918083322,0.3302277432712215,0.42646515473001717,0.3480708008250381,0.33870967741935487,0.34037592076412543,0.3093572918083322,0.3302277432712215,0.3514268183715797,0.31028160501525065,0.32910662824207493,0.18303519856321446,0.1329174447366823,0.17533046495840585
Lasso,Polynomial,GradientBoostingClassifier,"{'ccp_alpha': 0.010652121382247755, 'criterion': 'friedman_mse', 'init': None, 'learning_rate': 0.058294083389695654, 'loss': 'log_loss', 'max_depth': 3, 'max_features': 'sqrt', 'max_leaf_nodes': None, 'min_impurity_decrease': 0.0, 'min_samples_leaf': 1, 'min_samples_split': 2, 'min_weight_fraction_leaf': 0.0, 'n_estimators': 100, 'n_iter_no_change': None, 'random_state': 120, 'subsample': 0.5879348746890225, 'tol': 0.0001, 'validation_fraction': 0.1, 'verbose': 0, 'warm_start': False}",no,,15,"['Looks_scale', 'School_scale', 'Health_scale', 'Friends_scale', 'WIMD_2019_Rank', 'Safety_toplay_scale', 'Life_scale', 'Num_Type_of_play_places', 'Hours_slept', 'Family_scale', 'age', 'Brush_teeth_ytd', 'Birth_Date_year', 'Tired_in_week_0', 'Num_Method_of_keepintouch']",no,no,1,0.7630820202956491,0.4167705910489468,0.25,0.4645368405582011,0.34500043749042275,0.2109375,0.7630820202956491,0.4167705910489468,0.25,0.5216581739377413,0.3455925649223273,0.2288135593220339,0.4013266527340398,0.17924264915063146,0.0
FeatureWiz,Sum,GradientBoostingClassifier,"{'ccp_alpha': 0.003758828772133604, 'criterion': 'friedman_mse', 'init': None, 'learning_rate': 0.017361163042212906, 'loss': 'log_loss', 'max_depth': 3, 'max_features': 'sqrt', 'max_leaf_nodes': None, 'min_impurity_decrease': 0.0, 'min_samples_leaf': 1, 'min_samples_split': 2, 'min_weight_fraction_leaf': 0.0, 'n_estimators': 100, 'n_iter_no_change': None, 'random_state': 120, 'subsample': 0.5814766937564204, 'tol': 0.0001, 'validation_fraction': 0.1, 'verbose': 0, 'warm_start': False}",no,,45,"['Fruitveg_ytd_1', 'Play_in_bike_or_park', 'Tired_in_week_0', 'Friends_scale', 'Concentrate_in_week_0', 'Fruits_Brk', 'Easywalk_topark', 'Read_Info_Sheet', 'Snacks_Brk', 'Softdrink_in_week_2', 'Keep_in_touch_family_outside_household', 'Life_scale', 'Nothing_Brk', 'School_scale', 'Awaketime_today', 'Contact_by_game', 'School_Health_Records', 'Hours_slept', 'Sugarsnack_in_week_2', 'Play_in_garden', 'Internet_in_week_1', 'Play_in_house', 'Number_people_household_2', 'Softdrink_in_week_0', 'Play_near_water', 'Looks_scale', 'Outdoorplay_freq', 'WIMD_2019_Quartile', 'Timestamp_month', 'Softdrink_in_week_1', 'Sports_in_week_3', 'Sugarsnack_in_week_3', 'Tired_in_week_2', 'Tired_in_week_3', 'Timestamp_week', 'Sports_in_week_0', 'Sports_in_week_2', 'Safety_toplay_scale', 'Yogurt_Brk', 'Study_Year', 'Takeawayfood_in_week_1', 'Sugarsnack_in_week_1', 'Sleeptime_ytd_hour', 'Sugary_Cereal_Brk', 'Tired_in_week_1']",no,no,2,0.7395543679921487,0.35402434002750205,0.25,0.6211168469141467,0.4040894188311624,0.2109375,0.7395543679921487,0.35402434002750205,0.25,0.6646161338325126,0.3304674831259986,0.2288135593220339,0.5339485819077435,0.13413327577140607,0.0
FeatureImportance_ET,Helmert,GradientBoostingClassifier,"{'ccp_alpha': 0.0007532750635746302, 'criterion': 'friedman_mse', 'init': None, 'learning_rate': 0.1314137411329587, 'loss': 'log_loss', 'max_depth': 3, 'max_features': 'sqrt', 'max_leaf_nodes': None, 'min_impurity_decrease': 0.0, 'min_samples_leaf': 1, 'min_samples_split': 2, 'min_weight_fraction_leaf': 0.0, 'n_estimators': 100, 'n_iter_no_change': None, 'random_state': 120, 'subsample': 0.9244685563180614, 'tol': 0.0001, 'validation_fraction': 0.1, 'verbose': 0, 'warm_start': False}",no,,15,"['Gender', 'Awaketime_today', 'Safety_toplay_scale', 'Doingwell_schoolwork', 'Health_scale', 'School_scale', 'Family_scale', 'Friends_scale', 'Looks_scale', 'Life_scale', 'Enoughtime_toplay', 'Play_inall_places', 'Tired_in_week_2', 'Hours_slept', 'Awaketime_today_hour']",no,no,3,0.6243052820194608,0.35284762251816515,0.2810846560846561,0.5770885635166454,0.3566942892738622,0.27853260869565216,0.6243052820194608,0.35284762251816515,0.2810846560846561,0.5790859309564015,0.3478139023255891,0.2752233315817131,0.47602458870230874,0.18060685852654143,0.18019829911140672
Lasso,Polynomial,GradientBoostingClassifier,"{'ccp_alpha': 0.0037788992752119423, 'criterion': 'friedman_mse', 'init': None, 'learning_rate': 0.011758631274543012, 'loss': 'log_loss', 'max_depth': 3, 'max_features': 'sqrt', 'max_leaf_nodes': None, 'min_impurity_decrease': 0.0, 'min_samples_leaf': 1, 'min_samples_split': 2, 'min_weight_fraction_leaf': 0.0, 'n_estimators': 100, 'n_iter_no_change': None, 'random_state': 120, 'subsample': 0.5485046358477852, 'tol': 0.0001, 'validation_fraction': 0.1, 'verbose': 0, 'warm_start': False}",no,,15,"['School_scale', 'Looks_scale', 'Safety_toplay_scale', 'Health_scale', 'WIMD_2019_Rank', 'Friends_scale', 'Life_scale', 'Num_Type_of_play_places', 'Hours_slept', 'Family_scale', 'age', 'Awaketime_today_halfhour', 'Birth_Date_year', 'Concentrate_in_week_2', 'Brush_teeth_ytd']",no,no,4,0.82873467977265,0.4201332222675552,0.25,0.5848652818385457,0.35247341742726684,0.20963541666666666,0.82873467977265,0.4201332222675552,0.25,0.6568897674081221,0.36642114662761033,0.22804532577903683,0.528010042461284,0.20676016397137428,0.0
Lasso,Polynomial,GradientBoostingClassifier,"{'ccp_alpha': 0.0026201833000889605, 'criterion': 'friedman_mse', 'init': None, 'learning_rate': 0.03987327511743904, 'loss': 'log_loss', 'max_depth': 3, 'max_features': 'sqrt', 'max_leaf_nodes': None, 'min_impurity_decrease': 0.0, 'min_samples_leaf': 1, 'min_samples_split': 2, 'min_weight_fraction_leaf': 0.0, 'n_estimators': 100, 'n_iter_no_change': None, 'random_state': 120, 'subsample': 0.5176450529017766, 'tol': 0.0001, 'validation_fraction': 0.1, 'verbose': 0, 'warm_start': False}",no,,30,"['Looks_scale', 'School_scale', 'Health_scale', 'Safety_toplay_scale', 'Friends_scale', 'Life_scale', 'Num_Type_of_play_places', 'Family_scale', 'Hours_slept', 'age', 'Brush_teeth_ytd', 'Concentrate_in_week_0', 'Tired_in_week_1', 'Awaketime_today_halfhour', 'Study_Year', 'Num_Method_of_keepintouch', 'Tired_in_week_0', 'WIMD_2019_Rank', 'Sports_in_week_0', 'Softdrink_in_week_1', 'Tired_in_week_3', 'Play_in_grass_area', 'Bread_Brk', 'Concentrate_in_week_2', 'Sugarsnack_in_week_2', 'Concentrate_in_week_3', 'Softdrink_in_week_2', 'Sports_in_week_2', 'WIMD_2019_Quartile', 'Sports_in_week_1']",no,no,5,0.9298462560290672,0.3680512620001604,0.25,0.6658193318165478,0.34283287588699957,0.2118421052631579,0.9298462560290672,0.3680512620001604,0.25,0.755008968143401,0.34707716848572784,0.22934472934472935,0.6697004324976431,0.21683655035165153,0.07409315844669395
ANOVA,Backward Difference,XGBClassifier,"{'objective': 'multi:softprob', 'use_label_encoder': False, 'base_score': 0.5, 'booster': 'dart', 'callbacks': None, 'colsample_bylevel': 1, 'colsample_bynode': 1, 'colsample_bytree': 0.7514073613996118, 'early_stopping_rounds': None, 'enable_categorical': False, 'eval_metric': 'aucpr', 'gamma': 2.322530487698385, 'gpu_id': 0, 'grow_policy': 'depthwise', 'importance_type': None, 'interaction_constraints': '', 'learning_rate': 0.352020234, 'max_bin': 256, 'max_cat_to_onehot': 4, 'max_delta_step': 0, 'max_depth': 10, 'max_leaves': 0, 'min_child_weight': 2.8861354134274433, 'missing': nan, 'monotone_constraints': '()', 'n_estimators': 100, 'n_jobs': 0, 'num_parallel_tree': 1, 'predictor': 'auto', 'random_state': 120, 'reg_alpha': 1.15058863, 'reg_lambda': 0.336635411, 'sampling_method': 'uniform', 'scale_pos_weight': None, 'subsample': 0.7679698332220227, 'tree_method': 'gpu_hist', 'validate_parameters': 1, 'verbosity': 0, 'rate_drop': 0.043845319776751795, 'eta': 0.3520202318906505, 'lambda': 0.3366354242864589, 'alpha': 1.1505886106210146, 'num_round': 100, 'single_precision_histogram': True}",no,,24,"['Fruitveg_ytd_0', 'Fruitveg_ytd_1', 'Brush_teeth_ytd', 'Safety_toplay_scale', 'Doingwell_schoolwork', 'Lots_of_things_good_at', 'Health_scale', 'School_scale', 'Family_scale', 'Friends_scale', 'Looks_scale', 'Life_scale', 'Sports_in_week_1', 'Tired_in_week_1', 'Tired_in_week_2', 'Tired_in_week_3', 'Concentrate_in_week_2', 'Softdrink_in_week_0', 'Softdrink_in_week_1', 'Sugarsnack_in_week_0', 'Hours_slept', 'Awaketime_today_hour', 'Contact_by_social_media', 'Nothing_Brk']",no,no,1,0.7367534641304165,0.4052762274483001,0.25,0.5271841335719708,0.36604788209920286,0.2109375,0.7367534641304165,0.4052762274483001,0.25,0.5790316890112953,0.34560841707867573,0.2288135593220339,0.4577717719339664,0.20030400140796437,0.0
MutualInformation,Sum,XGBClassifier,"{'objective': 'multi:softprob', 'use_label_encoder': False, 'base_score': 0.5, 'booster': 'dart', 'callbacks': None, 'colsample_bylevel': 1, 'colsample_bynode': 1, 'colsample_bytree': 0.8984266566447487, 'early_stopping_rounds': None, 'enable_categorical': False, 'eval_metric': 'aucpr', 'gamma': 0.257314143528227, 'gpu_id': 0, 'grow_policy': 'depthwise', 'importance_type': None, 'interaction_constraints': '', 'learning_rate': 0.35964635, 'max_bin': 256, 'max_cat_to_onehot': 4, 'max_delta_step': 0, 'max_depth': 4, 'max_leaves': 0, 'min_child_weight': 0.6046275426025868, 'missing': nan, 'monotone_constraints': '()', 'n_estimators': 100, 'n_jobs': 0, 'num_parallel_tree': 1, 'predictor': 'auto', 'random_state': 120, 'reg_alpha': 1.27723193, 'reg_lambda': 480.066376, 'sampling_method': 'uniform', 'scale_pos_weight': None, 'subsample': 0.6817379350437128, 'tree_method': 'gpu_hist', 'validate_parameters': 1, 'verbosity': 0, 'rate_drop': 0.6915329850643458, 'eta': 0.35964636183822063, 'lambda': 480.0663866942262, 'alpha': 1.2772318834955911, 'num_round': 100, 'single_precision_histogram': True}",no,,22,"['Concentrate_in_week_3', 'Family_scale', 'Looks_scale', 'Life_scale', 'School_scale', 'Brush_teeth_ytd', 'Tired_in_week_1', 'Hours_slept', 'Birth_Date_day_of_week', 'WIMD_2019_Rank', 'Outdoorplay_freq', 'Lots_of_choices_important', 'Tired_in_week_3', 'Play_in_garden', 'Tired_in_week_2', 'Safety_toplay_scale', 'Softdrink_in_week_0', 'Concentrate_in_week_1', 'Birth_Date_month', 'Number_people_household_0', 'Health_scale', 'Play_in_field']",no,no,2,0.6502665871284131,0.36676514237458746,0.25,0.5183907319713538,0.3322236559350273,0.2109375,0.6502665871284131,0.36676514237458746,0.25,0.5507692948078701,0.3331031828689554,0.2288135593220339,0.41550333237019393,0.1681858276554453,0.0
FeatureWiz,Sum,XGBClassifier,"{'objective': 'multi:softprob', 'use_label_encoder': False, 'base_score': 0.5, 'booster': 'gbtree', 'callbacks': None, 'colsample_bylevel': 1, 'colsample_bynode': 1, 'colsample_bytree': 0.6707584356907076, 'early_stopping_rounds': None, 'enable_categorical': False, 'eval_metric': 'aucpr', 'gamma': 5.296730144094064, 'gpu_id': 0, 'grow_policy': 'depthwise', 'importance_type': None, 'interaction_constraints': '', 'learning_rate': 0.154592216, 'max_bin': 256, 'max_cat_to_onehot': 4, 'max_delta_step': 0, 'max_depth': 6, 'max_leaves': 0, 'min_child_weight': 1.7305868376103049, 'missing': nan, 'monotone_constraints': '()', 'n_estimators': 100, 'n_jobs': 0, 'num_parallel_tree': 1, 'predictor': 'auto', 'random_state': 120, 'reg_alpha': 0.309747785, 'reg_lambda': 159.992264, 'sampling_method': 'uniform', 'scale_pos_weight': None, 'subsample': 0.7296048861939696, 'tree_method': 'gpu_hist', 'validate_parameters': 1, 'verbosity': 0, 'eta': 0.15459221358310446, 'lambda': 159.99225704903566, 'alpha': 0.30974777706962947, 'num_round': 100, 'single_precision_histogram': True}",no,,46,"['Number_people_household_3', 'Softdrink_in_week_3', 'Other_children_inhouse', 'Tired_in_week_1', 'Easywalk_somewhere', 'Health_scale', 'Brush_teeth_ytd', 'Birth_Date_year', 'Num_Method_of_keepintouch', 'Yogurt_Brk', 'Enoughtime_toplay', 'Life_scale', 'Fruits_Brk', 'Timestamp_day_of_week', 'Snacks_Brk', 'Softdrink_in_week_2', 'Keep_in_touch_family_outside_household', 'Internet_in_week_3', 'Hours_slept', 'Sugarsnack_in_week_2', 'WIMD_2019_Rank', 'Num_Breakfast_ytd', 'Sports_in_week_0', 'Play_in_garden', 'Sports_in_week_2', 'Number_people_household_2', 'Play_in_house', 'School_scale', 'Nothing_Brk', 'Awaketime_today_hour', 'School_Health_Records', 'Safety_toplay_scale', 'Tired_in_week_0', 'Number_people_household_4', 'Sugary_Cereal_Brk', 'Softdrink_in_week_0', 'Play_near_water', 'Timestamp_day_of_year', 'Play_inall_places', 'Sugarsnack_in_week_3', 'Timestamp_month', 'Sleeptime_ytd_hour', 'Type_of_play_places', 'Timestamp_week', 'Tired_in_week_2', 'Tired_in_week_3']",no,no,3,0.7094030468173887,0.3925877614346606,0.25,0.5126874433748979,0.3498968191895761,0.2109375,0.7094030468173887,0.3925877614346606,0.25,0.547790514727599,0.336707458043692,0.2288135593220339,0.42455278299966054,0.182372502692686,0.0
FeatureImportance_ET,Sum,XGBClassifier,"{'objective': 'multi:softprob', 'use_label_encoder': False, 'base_score': 0.5, 'booster': 'dart', 'callbacks': None, 'colsample_bylevel': 1, 'colsample_bynode': 1, 'colsample_bytree': 0.7697624118118455, 'early_stopping_rounds': None, 'enable_categorical': False, 'eval_metric': 'aucpr', 'gamma': 0.39061401728491424, 'gpu_id': 0, 'grow_policy': 'depthwise', 'importance_type': None, 'interaction_constraints': '', 'learning_rate': 0.363573968, 'max_bin': 256, 'max_cat_to_onehot': 4, 'max_delta_step': 0, 'max_depth': 10, 'max_leaves': 0, 'min_child_weight': 0.4647343892794026, 'missing': nan, 'monotone_constraints': '()', 'n_estimators': 100, 'n_jobs': 0, 'num_parallel_tree': 1, 'predictor': 'auto', 'random_state': 120, 'reg_alpha': 0.16529268, 'reg_lambda': 0.139898926, 'sampling_method': 'uniform', 'scale_pos_weight': None, 'subsample': 0.5755001798674316, 'tree_method': 'gpu_hist', 'validate_parameters': 1, 'verbosity': 0, 'rate_drop': 0.13640273933501437, 'eta': 0.36357396396306574, 'lambda': 0.13989893058820446, 'alpha': 0.16529267869068343, 'num_round': 100, 'single_precision_histogram': True}",no,,16,"['Sleeptime_ytd', 'Safety_toplay_scale', 'Doingwell_schoolwork', 'Lots_of_things_good_at', 'Health_scale', 'School_scale', 'Family_scale', 'Friends_scale', 'Looks_scale', 'Life_scale', 'Enoughtime_toplay', 'Play_inall_places', 'Concentrate_in_week_1', 'Hours_slept', 'Sleeptime_ytd_hour', 'Awaketime_today_hour']",no,no,4,0.5598009651983823,0.3390806095773456,0.28178053830227745,0.6608075568427639,0.3971687733492473,0.37830687830687826,0.5598009651983823,0.3390806095773456,0.28178053830227745,0.5838432365246256,0.3521411956179388,0.2841269841269841,0.501046880692186,0.1621911827149602,0.1818654257274677
FeatureImportance_ET,Backward Difference,XGBClassifier,"{'objective': 'multi:softprob', 'use_label_encoder': False, 'base_score': 0.5, 'booster': 'dart', 'callbacks': None, 'colsample_bylevel': 1, 'colsample_bynode': 1, 'colsample_bytree': 0.5847764720864153, 'early_stopping_rounds': None, 'enable_categorical': False, 'eval_metric': 'aucpr', 'gamma': 3.1335326453970067, 'gpu_id': 0, 'grow_policy': 'depthwise', 'importance_type': None, 'interaction_constraints': '', 'learning_rate': 0.185093328, 'max_bin': 256, 'max_cat_to_onehot': 4, 'max_delta_step': 0, 'max_depth': 4, 'max_leaves': 0, 'min_child_weight': 7.791315124088582, 'missing': nan, 'monotone_constraints': '()', 'n_estimators': 100, 'n_jobs': 0, 'num_parallel_tree': 1, 'predictor': 'auto', 'random_state': 120, 'reg_alpha': 7.10706472, 'reg_lambda': 0.121708967, 'sampling_method': 'uniform', 'scale_pos_weight': None, 'subsample': 0.6829046616309774, 'tree_method': 'gpu_hist', 'validate_parameters': 1, 'verbosity': 0, 'rate_drop': 0.005191994161261282, 'eta': 0.1850933264704411, 'lambda': 0.12170896348058162, 'alpha': 7.107064621984495, 'num_round': 100, 'single_precision_histogram': True}",no,,18,"['Brush_teeth_ytd', 'Awaketime_today', 'Safety_toplay_scale', 'Doingwell_schoolwork', 'Lots_of_things_good_at', 'Health_scale', 'School_scale', 'Family_scale', 'Friends_scale', 'Looks_scale', 'Life_scale', 'Going_school', 'Enoughtime_toplay', 'Play_inall_places', 'Tired_in_week_2', 'Hours_slept', 'Birth_Date_day_of_week', 'Awaketime_today_hour']",no,no,5,0.5768732438374969,0.36529640497918753,0.25,0.4237250006374576,0.35253778230928984,0.2107329842931937,0.5768732438374969,0.36529640497918753,0.25,0.4339635822017531,0.33014978620447805,0.22869318181818182,0.3237901359137102,0.1588251410546341,0.0
Lasso,Backward Difference,LGBMClassifier,"{'boosting_type': 'dart', 'class_weight': None, 'colsample_bytree': 1.0, 'importance_type': 'split', 'learning_rate': 0.07837803959804227, 'max_depth': 4, 'min_child_samples': 43, 'min_child_weight': 0.001, 'min_split_gain': 0.2774849058074059, 'n_estimators': 100, 'n_jobs': -1, 'num_leaves': 4041, 'objective': None, 'random_state': 120, 'reg_alpha': 1.7478951951894621, 'reg_lambda': 1.1692485639201093, 'silent': 'warn', 'subsample': 0.7947893797519175, 'subsample_for_bin': 200000, 'subsample_freq': 1, 'is_unbalance': 'true', 'drop_rate': 0.005653724646653125, 'max_bin': 63, 'device_type': 'gpu', 'gpu_use_dp': False}",no,,13,"['WIMD_2019_Rank', 'Looks_scale', 'School_scale', 'age', 'Health_scale', 'Birth_Date_year', 'Num_Type_of_play_places', 'Life_scale', 'Family_scale', 'Timestamp_day_of_year', 'Timestamp_day_of_month', 'Birth_Date_week', 'Type_of_play_places']",smoteen,no,1,0.5444970695642252,0.30032567816380545,0.32253086419753085,0.4382113711372943,0.27805675613463904,0.2673929518757105,0.5444970695642252,0.30032567816380545,0.32253086419753085,0.4530441697226519,0.26171352021579986,0.27632619823173565,0.31044696146545486,0.07481555137846524,0.11556598511218857
MutualInformation,Backward Difference,LGBMClassifier,"{'boosting_type': 'gbdt', 'class_weight': None, 'colsample_bytree': 1.0, 'importance_type': 'split', 'learning_rate': 0.1485497659617332, 'max_depth': 4, 'min_child_samples': 28, 'min_child_weight': 0.001, 'min_split_gain': 1.0491291222263877, 'n_estimators': 100, 'n_jobs': -1, 'num_leaves': 2727, 'objective': None, 'random_state': 120, 'reg_alpha': 0.10511575242195528, 'reg_lambda': 0.46311370639839017, 'silent': 'warn', 'subsample': 0.6332569942652962, 'subsample_for_bin': 200000, 'subsample_freq': 2, 'is_unbalance': 'false', 'max_bin': 63, 'device_type': 'gpu', 'gpu_use_dp': False}",no,,17,"['Concentrate_in_week_3', 'Tired_in_week_2', 'Family_scale', 'Looks_scale', 'Life_scale', 'Tired_in_week_1', 'School_scale', 'Sports_in_week_1', 'Brush_teeth_ytd', 'Hours_slept', 'Birth_Date_day_of_week', 'Tired_in_week_3', 'WIMD_2019_Rank', 'Outdoorplay_freq', 'Takeawayfood_in_week_1', 'Lots_of_choices_important', 'Sports_in_week_2']",no,no,2,0.39017816925196175,0.27967987367212177,0.32407407407407407,0.7041296181472475,0.2750840427656971,0.30121042830540035,0.39017816925196175,0.27967987367212177,0.32407407407407407,0.4287072888249746,0.2689737885945355,0.3120723362658846,0.33716727789208417,0.05930099270357561,0.17646637527299916
Lasso,Helmert,LGBMClassifier,"{'boosting_type': 'gbdt', 'class_weight': None, 'colsample_bytree': 1.0, 'importance_type': 'split', 'learning_rate': 0.012543548665526413, 'max_depth': 5, 'min_child_samples': 98, 'min_child_weight': 0.001, 'min_split_gain': 9.645357227950175, 'n_estimators': 100, 'n_jobs': -1, 'num_leaves': 657, 'objective': None, 'random_state': 120, 'reg_alpha': 0.2097191997272446, 'reg_lambda': 7.124195911059705, 'silent': 'warn', 'subsample': 0.7312161762767296, 'subsample_for_bin': 200000, 'subsample_freq': 2, 'is_unbalance': 'false', 'max_bin': 63, 'device_type': 'gpu', 'gpu_use_dp': False}",no,,14,"['WIMD_2019_Rank', 'School_scale', 'age', 'Looks_scale', 'Health_scale', 'Concentrate_in_week_2', 'Number_people_household_3', 'Birth_Date_year', 'Safety_toplay_scale', 'Concentrate_in_week_3', 'Life_scale', 'Num_Method_of_keepintouch', 'Internet_in_week_2', 'Takeawayfood_in_week_0']",smoteen,no,3,0.39735084788695235,0.282181861348528,0.23765432098765432,0.3739110434016102,0.2712960911199925,0.2375,0.39735084788695235,0.282181861348528,0.23765432098765432,0.3670259353149712,0.2632223053861324,0.2374959136972867,0.18916367961163383,0.07074766532977803,0.002646739674768229
Lasso,Helmert,LGBMClassifier,"{'boosting_type': 'gbdt', 'class_weight': None, 'colsample_bytree': 1.0, 'importance_type': 'split', 'learning_rate': 0.012543548665526413, 'max_depth': 5, 'min_child_samples': 98, 'min_child_weight': 0.001, 'min_split_gain': 9.645357227950175, 'n_estimators': 100, 'n_jobs': -1, 'num_leaves': 657, 'objective': None, 'random_state': 120, 'reg_alpha': 0.2097191997272446, 'reg_lambda': 7.124195911059705, 'silent': 'warn', 'subsample': 0.7312161762767296, 'subsample_for_bin': 200000, 'subsample_freq': 2, 'is_unbalance': 'false', 'max_bin': 63, 'device_type': 'gpu', 'gpu_use_dp': False}",no,,14,"['WIMD_2019_Rank', 'School_scale', 'Looks_scale', 'Health_scale', 'age', 'Birth_Date_year', 'Sports_in_week_1', 'Concentrate_in_week_1', 'Num_Type_of_play_places', 'Life_scale', 'Concentrate_in_week_2', 'Safety_toplay_scale', 'Internet_in_week_2', 'Concentrate_in_week_3']",smoteen,no,4,0.3790421682005607,0.2727429847227889,0.23561076604554865,0.38917996251055736,0.2936524151347581,0.22752525252525252,0.3790421682005607,0.2727429847227889,0.23561076604554865,0.378643241978049,0.2723165216596612,0.23140918386317158,0.1409584512757432,0.035578491254122734,0.035835290436825755
Lasso,Polynomial,LGBMClassifier,"{'boosting_type': 'dart', 'class_weight': None, 'colsample_bytree': 1.0, 'importance_type': 'split', 'learning_rate': 0.06300137499890789, 'max_depth': 5, 'min_child_samples': 83, 'min_child_weight': 0.001, 'min_split_gain': 0.288018985591997, 'n_estimators': 100, 'n_jobs': -1, 'num_leaves': 493, 'objective': None, 'random_state': 120, 'reg_alpha': 0.5458068378935435, 'reg_lambda': 0.2678878202809939, 'silent': 'warn', 'subsample': 0.7929875690269279, 'subsample_for_bin': 200000, 'subsample_freq': 3, 'is_unbalance': 'false', 'drop_rate': 0.0008200851442045979, 'max_bin': 63, 'device_type': 'gpu', 'gpu_use_dp': False}",no,,25,"['Looks_scale', 'School_scale', 'Health_scale', 'Safety_toplay_scale', 'Friends_scale', 'Life_scale', 'Num_Type_of_play_places', 'Family_scale', 'Hours_slept', 'age', 'Brush_teeth_ytd', 'Concentrate_in_week_0', 'Tired_in_week_1', 'Awaketime_today_halfhour', 'Study_Year', 'Num_Method_of_keepintouch', 'Tired_in_week_0', 'WIMD_2019_Rank', 'Sports_in_week_0', 'Softdrink_in_week_1', 'Tired_in_week_3', 'Play_in_grass_area', 'Bread_Brk', 'Concentrate_in_week_2', 'Sugarsnack_in_week_2']",no,no,5,0.4181905117713032,0.3139380940508032,0.29133885438233265,0.9146214773737676,0.41889533196791257,0.42204301075268813,0.4181905117713032,0.3139380940508032,0.29133885438233265,0.4817018537176951,0.32516884591616474,0.30233895147439815,0.40451950841388423,0.16112577894870314,0.16965553533806566
FeatureWiz,Sum,CatBoostClassifier,"{'random_state': 120, 'max_depth': 4, 'l2_leaf_reg': 6, 'random_strength': 0.48372347662167725, 'learning_rate': 0.29945481414190583, 'boosting_type': 'Plain', 'loss_function': 'MultiClass', 'nan_mode': 'Min', 'task_type': 'GPU', 'iterations': 100, 'verbose': False}",no,,31,"['Birth_Date_day_of_year', 'Birth_Date_year', 'Study_Year', 'Softdrink_in_week_3', 'WIMD_2019_Rank', 'Concentrate_in_week_3', 'Play_in_house', 'Nothing_Brk', 'Number_people_household_4', 'Friends_scale', 'Awaketime_today_halfhour', 'Looks_scale', 'Concentrate_in_week_1', 'Health_scale', 'Healthy_Cereal_Brk', 'Sugarsnack_in_week_2', 'Play_in_field', 'Number_people_household_0', 'Softdrink_in_week_2', 'Sugarsnack_in_week_0', 'Keep_in_touch_friends', 'Read_Info_Sheet', 'School_scale', 'Yogurt_Brk', 'Sports_in_week_3', 'Tired_in_week_0', 'Num_Type_of_play_places', 'Sports_in_week_2', 'Play_in_playground', 'Takeawayfood_in_week_1', 'Easywalk_somewhere']",smoteen,no,1,0.6927124763208927,0.3325800504707073,0.2898148148148148,0.7934379443115697,0.4525336819124813,0.3,0.6927124763208927,0.3325800504707073,0.2898148148148148,0.7284953490317735,0.3591921608760003,0.29073374696520093,0.6615522919552216,0.12883344930746934,0.08232642487945413
FeatureWiz,Polynomial,CatBoostClassifier,"{'random_state': 120, 'max_depth': 5, 'l2_leaf_reg': 5, 'random_strength': 0.7524507228848732, 'learning_rate': 0.2615195867004685, 'boosting_type': 'Plain', 'loss_function': 'MultiClass', 'nan_mode': 'Min', 'task_type': 'GPU', 'iterations': 100, 'verbose': False}",no,,35,"['Going_school', 'Birth_Date_year', 'Internet_in_week_0', 'Sugarsnack_in_week_3', 'Garden', 'Easywalk_somewhere', 'Health_scale', 'Easywalk_topark', 'WIMD_2019_Rank', 'Keep_in_touch_family_outside_household', 'Life_scale', 'Internet_in_week_2', 'Read_Info_Sheet', 'Keep_in_touch_friends', 'School_scale', 'Healthy_Cereal_Brk', 'Play_in_house', 'Sports_in_week_1', 'Sports_in_week_0', 'Softdrink_in_week_0', 'Snacks_Brk', 'Play_in_playground', 'Number_people_household_1', 'Tired_in_week_0', 'Play_in_garden', 'Play_in_street', 'Study_Year', 'Num_Type_of_play_places', 'Number_people_household_2', 'Safety_toplay_scale', 'Sugarsnack_in_week_0', 'Tired_in_week_2', 'Yogurt_Brk', 'Softdrink_in_week_2', 'Sugarsnack_in_week_2']",smoteen,no,2,0.7842292956489473,0.3128905246535805,0.3472222222222222,0.7613891719900128,0.37930366368617147,0.23944805194805194,0.7842292956489473,0.3128905246535805,0.3472222222222222,0.7596447919311998,0.31132672864957384,0.23123765635286372,0.6909379802977186,0.1069525739349277,0.11312178828587692
Lasso,Sum,CatBoostClassifier,"{'random_state': 120, 'max_depth': 9, 'l2_leaf_reg': 2, 'random_strength': 0.7337191939402, 'auto_class_weights': 'SqrtBalanced', 'learning_rate': 0.011258050064305792, 'boosting_type': 'Plain', 'loss_function': 'MultiClass', 'nan_mode': 'Min', 'task_type': 'GPU', 'iterations': 100, 'verbose': False}",no,,9,"['WIMD_2019_Rank', 'School_scale', 'Safety_toplay_scale', 'Looks_scale', 'Health_scale', 'Life_scale', 'Friends_scale', 'Num_Type_of_play_places', 'age']",no,no,3,0.9280996098550934,0.3070467269595176,0.3042328042328042,0.9848388409899339,0.41419725841856997,0.41309523809523807,0.9280996098550934,0.3070467269595176,0.3042328042328042,0.9536941242836091,0.3174093221514364,0.32114376851218956,0.9240989399774816,0.15680972619241218,0.1828693629058935
FeatureWiz,Polynomial,CatBoostClassifier,"{'random_state': 120, 'max_depth': 5, 'l2_leaf_reg': 3, 'random_strength': 0.7152631362630966, 'auto_class_weights': 'Balanced', 'learning_rate': 0.03720647639850968, 'boosting_type': 'Plain', 'loss_function': 'MultiClass', 'nan_mode': 'Min', 'task_type': 'GPU', 'iterations': 100, 'verbose': False}",no,,46,"['Number_people_household_1', 'Easywalk_topark', 'Num_Type_of_play_places', 'Family_scale', 'Brush_teeth_ytd', 'Keep_in_touch_family_outside_household', 'Tired_in_week_1', 'Tired_in_week_2', 'Tired_in_week_0', 'WIMD_2019_Rank', 'Health_scale', 'Life_scale', 'Play_in_woods', 'Doingwell_schoolwork', 'Homespace_relax', 'Timestamp_day_of_month', 'Sports_in_week_1', 'Keep_in_touch_friends', 'Nothing_Brk', 'Play_in_field', 'Read_Info_Sheet', 'Timestamp_day_of_week', 'School_scale', 'Play_in_garden', 'Yogurt_Brk', 'Sports_in_week_0', 'Number_people_household_0', 'Timestamp_week', 'Play_in_playground', 'Lots_of_things_good_at', 'Method_of_keepintouch', 'Softdrink_in_week_3', 'Sugarsnack_in_week_1', 'Sports_in_week_3', 'Snacks_Brk', 'Sugary_Cereal_Brk', 'Softdrink_in_week_1', 'Play_in_house', 'Birth_Date_year', 'Safety_toplay_scale', 'Timestamp_month', 'Awaketime_today', 'Sleeptime_ytd', 'Sugarsnack_in_week_0', 'Internet_in_week_0', 'Sugarsnack_in_week_2']",no,no,4,0.8333095065850058,0.3320811989059643,0.3330745341614907,0.7214108896191682,0.32009688374556683,0.3007047996272134,0.8333095065850058,0.3320811989059643,0.3330745341614907,0.7566539421966588,0.32124260896742307,0.30936094649686885,0.6516302386227997,0.12912791797241077,0.20526992163782953
Lasso,Backward Difference,CatBoostClassifier,"{'random_state': 120, 'max_depth': 5, 'l2_leaf_reg': 10, 'random_strength': 3.487622617422643, 'auto_class_weights': 'Balanced', 'learning_rate': 0.1324747697543452, 'boosting_type': 'Plain', 'loss_function': 'MultiClass', 'nan_mode': 'Min', 'task_type': 'GPU', 'iterations': 100, 'verbose': False}",no,,12,"['Looks_scale', 'School_scale', 'Health_scale', 'Safety_toplay_scale', 'Friends_scale', 'Life_scale', 'Num_Type_of_play_places', 'Family_scale', 'Hours_slept', 'age', 'Brush_teeth_ytd', 'Concentrate_in_week_2']",no,no,5,0.9772022965540946,0.34663609015914193,0.30610766045548654,0.7584667664979343,0.33144665174943316,0.28109112709832135,0.9772022965540946,0.34663609015914193,0.30610766045548654,0.8438256894575537,0.3331548132688083,0.28388888888888886,0.7952881925403733,0.15322487647154412,0.10024862256309336
