number,value,datetime_start,datetime_complete,duration,params_C,params_balancing,params_class_weight,params_cluster_indicator,params_contrast_method,params_damping,params_dual,params_feature_selection,params_number_features,params_penalty,user_attrs_Pipeline,user_attrs_balancing_indicator,user_attrs_cluster_indicator,user_attrs_contrast_encoding_method,user_attrs_damping,user_attrs_feature_selection,user_attrs_number_features,user_attrs_scaling_indicator,user_attrs_train_balanced_accuracy,user_attrs_train_f1_score,user_attrs_train_matthews_corrcoef,user_attrs_train_precision_score,user_attrs_train_recall_score,user_attrs_val_balanced_accuracy,user_attrs_val_f1_score,user_attrs_val_matthews_corrcoef,user_attrs_val_precision_score,user_attrs_val_recall_score,state
0,0.22859158516980416,2022-10-18 21:40:43.726675,2022-10-18 21:40:46.050276,0 days 00:00:02.323601,0.05150177448402826,no,None,yes,Helmert,0.5235524036146038,False,ANOVA,5.0,l1,"Pipeline(memory='Caching',
         steps=[['feature_engine', FeatureEngineTransformer()],
                ['interval_encoding', IntervalDataTransformer()],
                ['binary_encoding', BinaryDataTransformer()],
                ['ordinal_encoding', OrdinalDataTransformer()],
                ['contrast_data',
                 HelmertEncoder(cols=['Fruitveg_ytd', 'Number_people_household',
                                      'Sports_in_week', 'Internet_in_week',
                                      'Tired_in_week', 'C...
                                             'Birth_Date_week',
                                             'Birth_Date_day_of_week',
                                             'Birth_Date_day_of_month',
                                             'Birth_Date_day_of_year'])],
                ('scaling', ScalingTransformer()),
                ('featureselection',
                 FeatureSelectionTransformer(cluster_indicator='yes',
                                             damping=0.5235524036146038,
                                             method='ANOVA',
                                             model=LinearSVC(C=0.05150177448402826,
                                                             dual=False,
                                                             penalty='l1',
                                                             random_state=120),
                                             number=5,
                                             scaling_indicator='yes'))])",no,yes,Helmert,0.5235524036146038,ANOVA,5.0,yes,0.25,0.22859163282347905,0.0,0.21056069848744294,0.25,0.25,0.22859158516980416,0.0,0.21056091707516342,0.25,COMPLETE
1,0.22859158516980416,2022-10-18 21:40:46.251452,2022-10-18 21:40:48.290474,0 days 00:00:02.039022,0.0006747040110209366,no,None,yes,Backward Difference,0.5352765817598604,False,BorutaShap,,l1,"Pipeline(memory='Caching',
         steps=[['feature_engine', FeatureEngineTransformer()],
                ['interval_encoding', IntervalDataTransformer()],
                ['binary_encoding', BinaryDataTransformer()],
                ['ordinal_encoding', OrdinalDataTransformer()],
                ['contrast_data',
                 BackwardDifferenceEncoder(cols=['Fruitveg_ytd',
                                                 'Number_people_household',
                                                 'Sports_in_week',
                                                 'Internet_in_week',
                                                 'Tired_...
                                             'Birth_Date_week',
                                             'Birth_Date_day_of_week',
                                             'Birth_Date_day_of_month',
                                             'Birth_Date_day_of_year'])],
                ('scaling', ScalingTransformer()),
                ('featureselection',
                 FeatureSelectionTransformer(cluster_indicator='yes',
                                             damping=0.5352765817598604,
                                             method='BorutaShap',
                                             model=LinearSVC(C=0.0006747040110209366,
                                                             dual=False,
                                                             penalty='l1',
                                                             random_state=120),
                                             scaling_indicator='yes'))])",no,yes,Backward Difference,0.5352765817598604,BorutaShap,,yes,0.25,0.22859163282347905,0.0,0.21056069848744294,0.25,0.25,0.22859158516980416,0.0,0.21056091707516342,0.25,COMPLETE
2,0.24526761978787706,2022-10-18 21:40:48.471379,2022-10-18 21:40:52.575425,0 days 00:00:04.104046,0.002278283524056198,smoteen,None,no,Polynomial,,False,Lasso,20.0,l1,"Pipeline(memory='Caching',
         steps=[('smote', SMOTEN(n_jobs=2, random_state=120)),
                ['feature_engine', FeatureEngineTransformer()],
                ['interval_encoding', IntervalDataTransformer()],
                ['binary_encoding', BinaryDataTransformer()],
                ['ordinal_encoding', OrdinalDataTransformer()],
                ['contrast_data',
                 PolynomialEncoder(cols=['Fruitveg_ytd',
                                         'Number_people_household',
                                         'Sports...
                                             'Birth_Date_month',
                                             'Birth_Date_quarter',
                                             'Birth_Date_week',
                                             'Birth_Date_day_of_week',
                                             'Birth_Date_day_of_month',
                                             'Birth_Date_day_of_year'])],
                ('scaling', ScalingTransformer()),
                ('featureselection',
                 FeatureSelectionTransformer(method='Lasso',
                                             model=LinearSVC(C=0.002278283524056198,
                                                             dual=False,
                                                             penalty='l1',
                                                             random_state=120),
                                             number=20,
                                             scaling_indicator='yes'))])",smoteen,no,Polynomial,,Lasso,20.0,yes,0.32983520387057325,0.29850229544095647,0.08300381224109706,0.3309892540602892,0.32983520387057325,0.261981961836613,0.24526761978787706,0.0433183916152933,0.2902580402358634,0.261981961836613,COMPLETE
3,0.24976902354575195,2022-10-18 21:40:52.747235,2022-10-18 21:40:54.690427,0 days 00:00:01.943192,0.06684068956142528,no,balanced,no,Helmert,,False,FeatureWiz,,l1,"Pipeline(memory='Caching',
         steps=[['feature_engine', FeatureEngineTransformer()],
                ['interval_encoding', IntervalDataTransformer()],
                ['binary_encoding', BinaryDataTransformer()],
                ['ordinal_encoding', OrdinalDataTransformer()],
                ['contrast_data',
                 HelmertEncoder(cols=['Fruitveg_ytd', 'Number_people_household',
                                      'Sports_in_week', 'Internet_in_week',
                                      'Tired_in_week', 'C...
                                             'Birth_Date_quarter',
                                             'Birth_Date_week',
                                             'Birth_Date_day_of_week',
                                             'Birth_Date_day_of_month',
                                             'Birth_Date_day_of_year'])],
                ('scaling', ScalingTransformer()),
                ('featureselection',
                 FeatureSelectionTransformer(method='FeatureWiz',
                                             model=LinearSVC(C=0.06684068956142528,
                                                             class_weight='balanced',
                                                             dual=False,
                                                             penalty='l1',
                                                             random_state=120),
                                             scaling_indicator='yes'))])",no,no,Helmert,,FeatureWiz,,yes,0.4758254607397016,0.48875883492238664,0.35913789924177536,0.6693736711901165,0.4758254607397016,0.2594620298593167,0.24976902354575195,0.06803238342106106,0.2783103673490624,0.2594620298593167,COMPLETE
4,0.2101068562736028,2022-10-18 21:40:54.864456,2022-10-18 21:40:59.718478,0 days 00:00:04.854022,0.7241546454568896,smoteen,balanced,yes,Helmert,0.8428654339138596,False,MutualInformation,15.0,l1,"Pipeline(memory='Caching',
         steps=[('smote', SMOTEN(n_jobs=2, random_state=120)),
                ['feature_engine', FeatureEngineTransformer()],
                ['interval_encoding', IntervalDataTransformer()],
                ['binary_encoding', BinaryDataTransformer()],
                ['ordinal_encoding', OrdinalDataTransformer()],
                ['contrast_data',
                 HelmertEncoder(cols=['Fruitveg_ytd', 'Number_people_household',
                                      'Sports_in...
                                             'Birth_Date_day_of_month',
                                             'Birth_Date_day_of_year'])],
                ('scaling', ScalingTransformer()),
                ('featureselection',
                 FeatureSelectionTransformer(cluster_indicator='yes',
                                             damping=0.8428654339138596,
                                             method='MutualInformation',
                                             model=LinearSVC(C=0.7241546454568896,
                                                             class_weight='balanced',
                                                             dual=False,
                                                             penalty='l1',
                                                             random_state=120),
                                             number=15,
                                             scaling_indicator='yes'))])",smoteen,yes,Helmert,0.8428654339138596,MutualInformation,15.0,yes,0.359245527497497,0.38023599819994297,0.16345238334009496,0.4298355263791757,0.359245527497497,0.28077985931668104,0.2101068562736028,0.059619260700819854,0.23297657097810817,0.28077985931668104,COMPLETE
5,0.27095735471328,2022-10-18 21:40:59.891100,2022-10-18 21:41:04.983274,0 days 00:00:05.092174,0.6666847750735153,smoteen,None,yes,Helmert,0.6951400206780846,False,Lasso,25.0,l1,"Pipeline(memory='Caching',
         steps=[('smote', SMOTEN(n_jobs=2, random_state=120)),
                ['feature_engine', FeatureEngineTransformer()],
                ['interval_encoding', IntervalDataTransformer()],
                ['binary_encoding', BinaryDataTransformer()],
                ['ordinal_encoding', OrdinalDataTransformer()],
                ['contrast_data',
                 HelmertEncoder(cols=['Fruitveg_ytd', 'Number_people_household',
                                      'Sports_in...
                                             'Birth_Date_week',
                                             'Birth_Date_day_of_week',
                                             'Birth_Date_day_of_month',
                                             'Birth_Date_day_of_year'])],
                ('scaling', ScalingTransformer()),
                ('featureselection',
                 FeatureSelectionTransformer(cluster_indicator='yes',
                                             damping=0.6951400206780846,
                                             method='Lasso',
                                             model=LinearSVC(C=0.6666847750735153,
                                                             dual=False,
                                                             penalty='l1',
                                                             random_state=120),
                                             number=25,
                                             scaling_indicator='yes'))])",smoteen,yes,Helmert,0.6951400206780846,Lasso,25.0,yes,0.3922160020863685,0.4145671392893549,0.2567312002212646,0.46603266017664086,0.3922160020863685,0.2809131992756024,0.27095735471328,0.06388135431629068,0.27455487272577456,0.2809131992756024,COMPLETE
6,0.23669065416121993,2022-10-18 21:41:05.162093,2022-10-18 21:41:07.133823,0 days 00:00:01.971730,0.0959718160720016,no,None,no,Backward Difference,,False,FeatureImportance_ET,12.0,l1,"Pipeline(memory='Caching',
         steps=[['feature_engine', FeatureEngineTransformer()],
                ['interval_encoding', IntervalDataTransformer()],
                ['binary_encoding', BinaryDataTransformer()],
                ['ordinal_encoding', OrdinalDataTransformer()],
                ['contrast_data',
                 BackwardDifferenceEncoder(cols=['Fruitveg_ytd',
                                                 'Number_people_household',
                                                 'Sports_in_week',
                                                 'Internet_in_week',
                                                 'Tired_...
                                             'Birth_Date_month',
                                             'Birth_Date_quarter',
                                             'Birth_Date_week',
                                             'Birth_Date_day_of_week',
                                             'Birth_Date_day_of_month',
                                             'Birth_Date_day_of_year'])],
                ('scaling', ScalingTransformer()),
                ('featureselection',
                 FeatureSelectionTransformer(method='FeatureImportance_ET',
                                             model=LinearSVC(C=0.0959718160720016,
                                                             dual=False,
                                                             penalty='l1',
                                                             random_state=120),
                                             number=12,
                                             scaling_indicator='yes'))])",no,no,Backward Difference,,FeatureImportance_ET,12.0,yes,0.25,0.22859163282347905,0.0,0.21056069848744294,0.25,0.25416666666666665,0.23669065416121993,0.04934227611621033,0.29417087024278216,0.25416666666666665,COMPLETE
7,0.22859158516980416,2022-10-18 21:41:07.304321,2022-10-18 21:41:11.370538,0 days 00:00:04.066217,0.00012538696077263878,smoteen,balanced,no,Backward Difference,,False,FeatureWiz,,l1,"Pipeline(memory='Caching',
         steps=[('smote', SMOTEN(n_jobs=2, random_state=120)),
                ['feature_engine', FeatureEngineTransformer()],
                ['interval_encoding', IntervalDataTransformer()],
                ['binary_encoding', BinaryDataTransformer()],
                ['ordinal_encoding', OrdinalDataTransformer()],
                ['contrast_data',
                 BackwardDifferenceEncoder(cols=['Fruitveg_ytd',
                                                 'Number_people_household'...
                                             'Birth_Date_quarter',
                                             'Birth_Date_week',
                                             'Birth_Date_day_of_week',
                                             'Birth_Date_day_of_month',
                                             'Birth_Date_day_of_year'])],
                ('scaling', ScalingTransformer()),
                ('featureselection',
                 FeatureSelectionTransformer(method='FeatureWiz',
                                             model=LinearSVC(C=0.00012538696077263878,
                                                             class_weight='balanced',
                                                             dual=False,
                                                             penalty='l1',
                                                             random_state=120),
                                             scaling_indicator='yes'))])",smoteen,no,Backward Difference,,FeatureWiz,,yes,0.25,0.22859163282347905,0.0,0.21056069848744294,0.25,0.25,0.22859158516980416,0.0,0.21056091707516342,0.25,COMPLETE
8,0.22078443864820727,2022-10-18 21:41:11.540221,2022-10-18 21:41:15.495428,0 days 00:00:03.955207,0.0031779503172128533,smoteen,None,yes,Backward Difference,0.5163270155649644,False,MutualInformation,14.0,l2,"Pipeline(memory='Caching',
         steps=[('smote', SMOTEN(n_jobs=2, random_state=120)),
                ['feature_engine', FeatureEngineTransformer()],
                ['interval_encoding', IntervalDataTransformer()],
                ['binary_encoding', BinaryDataTransformer()],
                ['ordinal_encoding', OrdinalDataTransformer()],
                ['contrast_data',
                 BackwardDifferenceEncoder(cols=['Fruitveg_ytd',
                                                 'Number_people_household'...
                                             'Birth_Date_week',
                                             'Birth_Date_day_of_week',
                                             'Birth_Date_day_of_month',
                                             'Birth_Date_day_of_year'])],
                ('scaling', ScalingTransformer()),
                ('featureselection',
                 FeatureSelectionTransformer(cluster_indicator='yes',
                                             damping=0.5163270155649644,
                                             method='MutualInformation',
                                             model=LinearSVC(C=0.0031779503172128533,
                                                             dual=False,
                                                             random_state=120),
                                             number=14,
                                             scaling_indicator='yes'))])",smoteen,yes,Backward Difference,0.5163270155649644,MutualInformation,14.0,yes,0.34810378783791074,0.3586041463410636,0.123924456971558,0.4102576380521838,0.34810378783791074,0.28456610680447886,0.22078443864820727,0.06096740949827406,0.2354248718789375,0.28456610680447886,COMPLETE
9,0.22859158516980416,2022-10-18 21:41:15.658480,2022-10-18 21:41:17.449512,0 days 00:00:01.791032,0.00039369746337152126,no,balanced,yes,Polynomial,0.7008215640787134,False,FeatureImportance_ET,12.0,l1,"Pipeline(memory='Caching',
         steps=[['feature_engine', FeatureEngineTransformer()],
                ['interval_encoding', IntervalDataTransformer()],
                ['binary_encoding', BinaryDataTransformer()],
                ['ordinal_encoding', OrdinalDataTransformer()],
                ['contrast_data',
                 PolynomialEncoder(cols=['Fruitveg_ytd',
                                         'Number_people_household',
                                         'Sports_in_week', 'Internet_in_week',
                                         'Tired_in_week'...
                                             'Birth_Date_day_of_month',
                                             'Birth_Date_day_of_year'])],
                ('scaling', ScalingTransformer()),
                ('featureselection',
                 FeatureSelectionTransformer(cluster_indicator='yes',
                                             damping=0.7008215640787134,
                                             method='FeatureImportance_ET',
                                             model=LinearSVC(C=0.00039369746337152126,
                                                             class_weight='balanced',
                                                             dual=False,
                                                             penalty='l1',
                                                             random_state=120),
                                             number=12,
                                             scaling_indicator='yes'))])",no,yes,Polynomial,0.7008215640787134,FeatureImportance_ET,12.0,yes,0.25,0.22859163282347905,0.0,0.21056069848744294,0.25,0.25,0.22859158516980416,0.0,0.21056091707516342,0.25,COMPLETE
10,0.26559091424564824,2022-10-18 21:41:17.617680,2022-10-18 21:41:23.046108,0 days 00:00:05.428428,0.6876344441858409,smoteen,None,yes,Helmert,0.7947618836547605,False,FeatureWiz,,l1,"Pipeline(memory='Caching',
         steps=[('smote', SMOTEN(n_jobs=2, random_state=120)),
                ['feature_engine', FeatureEngineTransformer()],
                ['interval_encoding', IntervalDataTransformer()],
                ['binary_encoding', BinaryDataTransformer()],
                ['ordinal_encoding', OrdinalDataTransformer()],
                ['contrast_data',
                 HelmertEncoder(cols=['Fruitveg_ytd', 'Number_people_household',
                                      'Sports_in...
                                             'Birth_Date_week',
                                             'Birth_Date_day_of_week',
                                             'Birth_Date_day_of_month',
                                             'Birth_Date_day_of_year'])],
                ('scaling', ScalingTransformer()),
                ('featureselection',
                 FeatureSelectionTransformer(cluster_indicator='yes',
                                             damping=0.7947618836547605,
                                             method='FeatureWiz',
                                             model=LinearSVC(C=0.6876344441858409,
                                                             dual=False,
                                                             penalty='l1',
                                                             random_state=120),
                                             scaling_indicator='yes'))])",smoteen,yes,Helmert,0.7947618836547605,FeatureWiz,,yes,0.4721249932552744,0.5323195817254401,0.37335929363158904,0.6867809839463126,0.4721249932552744,0.2687828518739372,0.26559091424564824,0.09042209785281818,0.28030605718562124,0.2687828518739372,COMPLETE
11,0.24454070583362367,2022-10-18 21:41:23.216117,2022-10-18 21:41:28.255173,0 days 00:00:05.039056,0.38767862589187696,smoteen,None,yes,Sum,0.8172516217804174,False,Lasso,12.0,l1,"Pipeline(memory='Caching',
         steps=[('smote', SMOTEN(n_jobs=2, random_state=120)),
                ['feature_engine', FeatureEngineTransformer()],
                ['interval_encoding', IntervalDataTransformer()],
                ['binary_encoding', BinaryDataTransformer()],
                ['ordinal_encoding', OrdinalDataTransformer()],
                ['contrast_data',
                 SumEncoder(cols=['Fruitveg_ytd', 'Number_people_household',
                                  'Sports_in_wee...
                                             'Birth_Date_week',
                                             'Birth_Date_day_of_week',
                                             'Birth_Date_day_of_month',
                                             'Birth_Date_day_of_year'])],
                ('scaling', ScalingTransformer()),
                ('featureselection',
                 FeatureSelectionTransformer(cluster_indicator='yes',
                                             damping=0.8172516217804174,
                                             method='Lasso',
                                             model=LinearSVC(C=0.38767862589187696,
                                                             dual=False,
                                                             penalty='l1',
                                                             random_state=120),
                                             number=12,
                                             scaling_indicator='yes'))])",smoteen,yes,Sum,0.8172516217804174,Lasso,12.0,yes,0.34148790895519704,0.3560566336525825,0.2117602546599965,0.42888460108219456,0.34148790895519704,0.2556027628702047,0.24454070583362367,0.05538459696978404,0.28320213180954945,0.2556027628702047,COMPLETE
12,0.26605821694452914,2022-10-18 21:41:28.477100,2022-10-18 21:41:34.721807,0 days 00:00:06.244707,0.7942685367134228,smoteen,None,no,Helmert,,False,FeatureWiz,,l1,"Pipeline(memory='Caching',
         steps=[('smote', SMOTEN(n_jobs=2, random_state=120)),
                ['feature_engine', FeatureEngineTransformer()],
                ['interval_encoding', IntervalDataTransformer()],
                ['binary_encoding', BinaryDataTransformer()],
                ['ordinal_encoding', OrdinalDataTransformer()],
                ['contrast_data',
                 HelmertEncoder(cols=['Fruitveg_ytd', 'Number_people_household',
                                      'Sports_in...
                                             'Timestamp_day_of_year',
                                             'Birth_Date_month',
                                             'Birth_Date_quarter',
                                             'Birth_Date_week',
                                             'Birth_Date_day_of_week',
                                             'Birth_Date_day_of_month',
                                             'Birth_Date_day_of_year'])],
                ('scaling', ScalingTransformer()),
                ('featureselection',
                 FeatureSelectionTransformer(method='FeatureWiz',
                                             model=LinearSVC(C=0.7942685367134228,
                                                             dual=False,
                                                             penalty='l1',
                                                             random_state=120),
                                             scaling_indicator='yes'))])",smoteen,no,Helmert,,FeatureWiz,,yes,0.49588684898409446,0.5534928915596289,0.3791541054812069,0.6685903352199237,0.49588684898409446,0.2696405894564809,0.26605821694452914,0.07869911493725512,0.2919562524280184,0.2696405894564809,COMPLETE
13,0.2445386336397981,2022-10-18 21:41:34.913869,2022-10-18 21:41:39.678382,0 days 00:00:04.764513,0.07276872461564393,smoteen,None,no,Helmert,,False,FeatureWiz,,l1,"Pipeline(memory='Caching',
         steps=[('smote', SMOTEN(n_jobs=2, random_state=120)),
                ['feature_engine', FeatureEngineTransformer()],
                ['interval_encoding', IntervalDataTransformer()],
                ['binary_encoding', BinaryDataTransformer()],
                ['ordinal_encoding', OrdinalDataTransformer()],
                ['contrast_data',
                 HelmertEncoder(cols=['Fruitveg_ytd', 'Number_people_household',
                                      'Sports_in...
                                             'Timestamp_day_of_year',
                                             'Birth_Date_month',
                                             'Birth_Date_quarter',
                                             'Birth_Date_week',
                                             'Birth_Date_day_of_week',
                                             'Birth_Date_day_of_month',
                                             'Birth_Date_day_of_year'])],
                ('scaling', ScalingTransformer()),
                ('featureselection',
                 FeatureSelectionTransformer(method='FeatureWiz',
                                             model=LinearSVC(C=0.07276872461564393,
                                                             dual=False,
                                                             penalty='l1',
                                                             random_state=120),
                                             scaling_indicator='yes'))])",smoteen,no,Helmert,,FeatureWiz,,yes,0.397889084485932,0.44388256559462863,0.24764356883040248,0.5708001840080528,0.397889084485932,0.25423181828220587,0.2445386336397981,0.056000764156251735,0.2503694157277088,0.25423181828220587,COMPLETE
14,0.2533630329509953,2022-10-18 21:41:39.851133,2022-10-18 21:41:44.065474,0 days 00:00:04.214341,0.7130918284204558,smoteen,None,no,Helmert,,False,FeatureWiz,,l2,"Pipeline(memory='Caching',
         steps=[('smote', SMOTEN(n_jobs=2, random_state=120)),
                ['feature_engine', FeatureEngineTransformer()],
                ['interval_encoding', IntervalDataTransformer()],
                ['binary_encoding', BinaryDataTransformer()],
                ['ordinal_encoding', OrdinalDataTransformer()],
                ['contrast_data',
                 HelmertEncoder(cols=['Fruitveg_ytd', 'Number_people_household',
                                      'Sports_in...
                                             'Timestamp_day_of_year',
                                             'Birth_Date_month',
                                             'Birth_Date_quarter',
                                             'Birth_Date_week',
                                             'Birth_Date_day_of_week',
                                             'Birth_Date_day_of_month',
                                             'Birth_Date_day_of_year'])],
                ('scaling', ScalingTransformer()),
                ('featureselection',
                 FeatureSelectionTransformer(method='FeatureWiz',
                                             model=LinearSVC(C=0.7130918284204558,
                                                             dual=False,
                                                             random_state=120),
                                             scaling_indicator='yes'))])",smoteen,no,Helmert,,FeatureWiz,,yes,0.499038588074126,0.55583304736502,0.4053712187836913,0.6668939288084784,0.499038588074126,0.2803641036683672,0.2533630329509953,0.09833415655698169,0.2823725446833077,0.2803641036683672,COMPLETE
15,0.24107554328602812,2022-10-18 21:41:44.248613,2022-10-18 21:41:46.318340,0 days 00:00:02.069727,0.8957400707195363,no,None,yes,Helmert,0.6177970956443302,False,Lasso,19.0,l1,"Pipeline(memory='Caching',
         steps=[['feature_engine', FeatureEngineTransformer()],
                ['interval_encoding', IntervalDataTransformer()],
                ['binary_encoding', BinaryDataTransformer()],
                ['ordinal_encoding', OrdinalDataTransformer()],
                ['contrast_data',
                 HelmertEncoder(cols=['Fruitveg_ytd', 'Number_people_household',
                                      'Sports_in_week', 'Internet_in_week',
                                      'Tired_in_week', 'C...
                                             'Birth_Date_week',
                                             'Birth_Date_day_of_week',
                                             'Birth_Date_day_of_month',
                                             'Birth_Date_day_of_year'])],
                ('scaling', ScalingTransformer()),
                ('featureselection',
                 FeatureSelectionTransformer(cluster_indicator='yes',
                                             damping=0.6177970956443302,
                                             method='Lasso',
                                             model=LinearSVC(C=0.8957400707195363,
                                                             dual=False,
                                                             penalty='l1',
                                                             random_state=120),
                                             number=19,
                                             scaling_indicator='yes'))])",no,yes,Helmert,0.6177970956443302,Lasso,19.0,yes,0.33496007497137237,0.369129806078365,0.3087413659747232,0.7332047330711075,0.33496007497137237,0.25106589147286823,0.24107554328602812,0.08087653613079898,0.28171701016900247,0.25106589147286823,COMPLETE
16,0.27376599065580454,2022-10-18 21:41:46.493699,2022-10-18 21:41:53.497132,0 days 00:00:07.003433,0.8857753809643143,smoteen,None,no,Helmert,,False,BorutaShap,,l1,"Pipeline(memory='Caching',
         steps=[('smote', SMOTEN(n_jobs=2, random_state=120)),
                ['feature_engine', FeatureEngineTransformer()],
                ['interval_encoding', IntervalDataTransformer()],
                ['binary_encoding', BinaryDataTransformer()],
                ['ordinal_encoding', OrdinalDataTransformer()],
                ['contrast_data',
                 HelmertEncoder(cols=['Fruitveg_ytd', 'Number_people_household',
                                      'Sports_in...
                                             'Timestamp_day_of_year',
                                             'Birth_Date_month',
                                             'Birth_Date_quarter',
                                             'Birth_Date_week',
                                             'Birth_Date_day_of_week',
                                             'Birth_Date_day_of_month',
                                             'Birth_Date_day_of_year'])],
                ('scaling', ScalingTransformer()),
                ('featureselection',
                 FeatureSelectionTransformer(method='BorutaShap',
                                             model=LinearSVC(C=0.8857753809643143,
                                                             dual=False,
                                                             penalty='l1',
                                                             random_state=120),
                                             scaling_indicator='yes'))])",smoteen,no,Helmert,,BorutaShap,,yes,0.6216060315833019,0.6977169797670647,0.5908941308426974,0.8557141097885101,0.6216060315833019,0.29826947922878155,0.27376599065580454,0.11111210762430213,0.2954244900553722,0.29826947922878155,COMPLETE
17,0.271617058733794,2022-10-18 21:41:53.661379,2022-10-18 21:41:59.580111,0 days 00:00:05.918732,0.11677927152695043,smoteen,None,no,Polynomial,,False,BorutaShap,,l1,"Pipeline(memory='Caching',
         steps=[('smote', SMOTEN(n_jobs=2, random_state=120)),
                ['feature_engine', FeatureEngineTransformer()],
                ['interval_encoding', IntervalDataTransformer()],
                ['binary_encoding', BinaryDataTransformer()],
                ['ordinal_encoding', OrdinalDataTransformer()],
                ['contrast_data',
                 PolynomialEncoder(cols=['Fruitveg_ytd',
                                         'Number_people_household',
                                         'Sports...
                                             'Timestamp_day_of_year',
                                             'Birth_Date_month',
                                             'Birth_Date_quarter',
                                             'Birth_Date_week',
                                             'Birth_Date_day_of_week',
                                             'Birth_Date_day_of_month',
                                             'Birth_Date_day_of_year'])],
                ('scaling', ScalingTransformer()),
                ('featureselection',
                 FeatureSelectionTransformer(method='BorutaShap',
                                             model=LinearSVC(C=0.11677927152695043,
                                                             dual=False,
                                                             penalty='l1',
                                                             random_state=120),
                                             scaling_indicator='yes'))])",smoteen,no,Polynomial,,BorutaShap,,yes,0.43793598281144147,0.5011373992597316,0.3692394503856747,0.6881816830203098,0.43793598281144147,0.2794548797455774,0.271617058733794,0.09797953878193517,0.29927953057071205,0.2794548797455774,COMPLETE
18,0.236646235520292,2022-10-18 21:41:59.742339,2022-10-18 21:42:04.530038,0 days 00:00:04.787699,0.36955962961347805,smoteen,None,no,Polynomial,,False,MutualInformation,23.0,l1,"Pipeline(memory='Caching',
         steps=[('smote', SMOTEN(n_jobs=2, random_state=120)),
                ['feature_engine', FeatureEngineTransformer()],
                ['interval_encoding', IntervalDataTransformer()],
                ['binary_encoding', BinaryDataTransformer()],
                ['ordinal_encoding', OrdinalDataTransformer()],
                ['contrast_data',
                 PolynomialEncoder(cols=['Fruitveg_ytd',
                                         'Number_people_household',
                                         'Sports...
                                             'Birth_Date_month',
                                             'Birth_Date_quarter',
                                             'Birth_Date_week',
                                             'Birth_Date_day_of_week',
                                             'Birth_Date_day_of_month',
                                             'Birth_Date_day_of_year'])],
                ('scaling', ScalingTransformer()),
                ('featureselection',
                 FeatureSelectionTransformer(method='MutualInformation',
                                             model=LinearSVC(C=0.36955962961347805,
                                                             dual=False,
                                                             penalty='l1',
                                                             random_state=120),
                                             number=23,
                                             scaling_indicator='yes'))])",smoteen,no,Polynomial,,MutualInformation,23.0,yes,0.3722429809888667,0.3721013427097944,0.17171092923832446,0.377994615563442,0.3722429809888667,0.2851564743037611,0.236646235520292,0.08451962469942353,0.2683077729480951,0.2851564743037611,COMPLETE
19,0.25913620685599476,2022-10-18 21:42:04.699345,2022-10-18 21:42:09.334891,0 days 00:00:04.635546,0.0449954550732663,smoteen,None,yes,Polynomial,0.5873664685464225,False,BorutaShap,,l1,"Pipeline(memory='Caching',
         steps=[('smote', SMOTEN(n_jobs=2, random_state=120)),
                ['feature_engine', FeatureEngineTransformer()],
                ['interval_encoding', IntervalDataTransformer()],
                ['binary_encoding', BinaryDataTransformer()],
                ['ordinal_encoding', OrdinalDataTransformer()],
                ['contrast_data',
                 PolynomialEncoder(cols=['Fruitveg_ytd',
                                         'Number_people_household',
                                         'Sports...
                                             'Birth_Date_week',
                                             'Birth_Date_day_of_week',
                                             'Birth_Date_day_of_month',
                                             'Birth_Date_day_of_year'])],
                ('scaling', ScalingTransformer()),
                ('featureselection',
                 FeatureSelectionTransformer(cluster_indicator='yes',
                                             damping=0.5873664685464225,
                                             method='BorutaShap',
                                             model=LinearSVC(C=0.0449954550732663,
                                                             dual=False,
                                                             penalty='l1',
                                                             random_state=120),
                                             scaling_indicator='yes'))])",smoteen,yes,Polynomial,0.5873664685464225,BorutaShap,,yes,0.3644029231640857,0.4086216324793117,0.26214020146097944,0.5778883648456871,0.3644029231640857,0.2794722719141324,0.25913620685599476,0.05708356731806285,0.3157200939441894,0.2794722719141324,COMPLETE
20,0.271133466923269,2022-10-18 21:42:09.501101,2022-10-18 21:43:13.512868,0 days 00:01:04.011767,0.11809014668721007,smoteen,None,no,Helmert,,False,BorutaShap,,l1,"Pipeline(memory='Caching',
         steps=[('smote', SMOTEN(n_jobs=2, random_state=120)),
                ['feature_engine', FeatureEngineTransformer()],
                ['interval_encoding', IntervalDataTransformer()],
                ['binary_encoding', BinaryDataTransformer()],
                ['ordinal_encoding', OrdinalDataTransformer()],
                ['contrast_data',
                 HelmertEncoder(cols=['Fruitveg_ytd', 'Number_people_household',
                                      'Sports_in...
                                             'Timestamp_day_of_year',
                                             'Birth_Date_month',
                                             'Birth_Date_quarter',
                                             'Birth_Date_week',
                                             'Birth_Date_day_of_week',
                                             'Birth_Date_day_of_month',
                                             'Birth_Date_day_of_year'])],
                ('scaling', ScalingTransformer()),
                ('featureselection',
                 FeatureSelectionTransformer(method='BorutaShap',
                                             model=LinearSVC(C=0.11809014668721007,
                                                             dual=False,
                                                             penalty='l1',
                                                             random_state=120),
                                             scaling_indicator='yes'))])",smoteen,no,Helmert,,BorutaShap,,yes,0.44127882246083566,0.5100266675745214,0.3814356287536427,0.7129175484603115,0.44127882246083566,0.28316576116963715,0.271133466923269,0.10362051112921183,0.2862222710780847,0.28316576116963715,COMPLETE
21,0.2665787620473181,2022-10-18 21:43:13.698308,2022-10-18 21:44:27.934179,0 days 00:01:14.235871,0.07163273157158144,smoteen,None,no,Backward Difference,,False,BorutaShap,,l1,"Pipeline(memory='Caching',
         steps=[('smote', SMOTEN(n_jobs=2, random_state=120)),
                ['feature_engine', FeatureEngineTransformer()],
                ['interval_encoding', IntervalDataTransformer()],
                ['binary_encoding', BinaryDataTransformer()],
                ['ordinal_encoding', OrdinalDataTransformer()],
                ['contrast_data',
                 BackwardDifferenceEncoder(cols=['Fruitveg_ytd',
                                                 'Number_people_household'...
                                             'Timestamp_day_of_year',
                                             'Birth_Date_month',
                                             'Birth_Date_quarter',
                                             'Birth_Date_week',
                                             'Birth_Date_day_of_week',
                                             'Birth_Date_day_of_month',
                                             'Birth_Date_day_of_year'])],
                ('scaling', ScalingTransformer()),
                ('featureselection',
                 FeatureSelectionTransformer(method='BorutaShap',
                                             model=LinearSVC(C=0.07163273157158144,
                                                             dual=False,
                                                             penalty='l1',
                                                             random_state=120),
                                             scaling_indicator='yes'))])",smoteen,no,Backward Difference,,BorutaShap,,yes,0.40509333950850435,0.46254469743310783,0.30140397098686483,0.6415394743730625,0.40509333950850435,0.2755196945603922,0.2665787620473181,0.05810964677647551,0.32065482702918885,0.2755196945603922,COMPLETE
22,0.2503436093207414,2022-10-18 21:44:28.123555,2022-10-18 21:44:51.869433,0 days 00:00:23.745878,0.42296005492828187,no,None,no,Polynomial,,False,BorutaShap,,l1,"Pipeline(memory='Caching',
         steps=[['feature_engine', FeatureEngineTransformer()],
                ['interval_encoding', IntervalDataTransformer()],
                ['binary_encoding', BinaryDataTransformer()],
                ['ordinal_encoding', OrdinalDataTransformer()],
                ['contrast_data',
                 PolynomialEncoder(cols=['Fruitveg_ytd',
                                         'Number_people_household',
                                         'Sports_in_week', 'Internet_in_week',
                                         'Tired_in_week'...
                                             'Timestamp_day_of_year',
                                             'Birth_Date_month',
                                             'Birth_Date_quarter',
                                             'Birth_Date_week',
                                             'Birth_Date_day_of_week',
                                             'Birth_Date_day_of_month',
                                             'Birth_Date_day_of_year'])],
                ('scaling', ScalingTransformer()),
                ('featureselection',
                 FeatureSelectionTransformer(method='BorutaShap',
                                             model=LinearSVC(C=0.42296005492828187,
                                                             dual=False,
                                                             penalty='l1',
                                                             random_state=120),
                                             scaling_indicator='yes'))])",no,no,Polynomial,,BorutaShap,,yes,0.2520833333333333,0.23272178971834437,0.035129327990368005,0.25250246217208344,0.2520833333333333,0.2617266006316394,0.2503436093207414,0.10162418936536854,0.28435753925435825,0.2617266006316394,COMPLETE
23,0.2841062814674236,2022-10-18 21:44:52.057183,2022-10-18 21:46:00.639343,0 days 00:01:08.582160,0.34929338259859566,smoteen,balanced,no,Helmert,,False,BorutaShap,,l1,"Pipeline(memory='Caching',
         steps=[('smote', SMOTEN(n_jobs=2, random_state=120)),
                ['feature_engine', FeatureEngineTransformer()],
                ['interval_encoding', IntervalDataTransformer()],
                ['binary_encoding', BinaryDataTransformer()],
                ['ordinal_encoding', OrdinalDataTransformer()],
                ['contrast_data',
                 HelmertEncoder(cols=['Fruitveg_ytd', 'Number_people_household',
                                      'Sports_in...
                                             'Birth_Date_quarter',
                                             'Birth_Date_week',
                                             'Birth_Date_day_of_week',
                                             'Birth_Date_day_of_month',
                                             'Birth_Date_day_of_year'])],
                ('scaling', ScalingTransformer()),
                ('featureselection',
                 FeatureSelectionTransformer(method='BorutaShap',
                                             model=LinearSVC(C=0.34929338259859566,
                                                             class_weight='balanced',
                                                             dual=False,
                                                             penalty='l1',
                                                             random_state=120),
                                             scaling_indicator='yes'))])",smoteen,no,Helmert,,BorutaShap,,yes,0.5400242435415504,0.6259931097384183,0.5020896255759925,0.8407846006269285,0.5400242435415504,0.3014420316261402,0.2841062814674236,0.11767373040439168,0.3047033339126741,0.3014420316261402,COMPLETE
24,0.2722684417612844,2022-10-18 21:46:00.840184,2022-10-18 21:47:13.537926,0 days 00:01:12.697742,0.10979094716689212,smoteen,balanced,no,Polynomial,,False,BorutaShap,,l1,"Pipeline(memory='Caching',
         steps=[('smote', SMOTEN(n_jobs=2, random_state=120)),
                ['feature_engine', FeatureEngineTransformer()],
                ['interval_encoding', IntervalDataTransformer()],
                ['binary_encoding', BinaryDataTransformer()],
                ['ordinal_encoding', OrdinalDataTransformer()],
                ['contrast_data',
                 PolynomialEncoder(cols=['Fruitveg_ytd',
                                         'Number_people_household',
                                         'Sports...
                                             'Birth_Date_quarter',
                                             'Birth_Date_week',
                                             'Birth_Date_day_of_week',
                                             'Birth_Date_day_of_month',
                                             'Birth_Date_day_of_year'])],
                ('scaling', ScalingTransformer()),
                ('featureselection',
                 FeatureSelectionTransformer(method='BorutaShap',
                                             model=LinearSVC(C=0.10979094716689212,
                                                             class_weight='balanced',
                                                             dual=False,
                                                             penalty='l1',
                                                             random_state=120),
                                             scaling_indicator='yes'))])",smoteen,no,Polynomial,,BorutaShap,,yes,0.43518359517857036,0.5001598450643233,0.3716404208986022,0.692625328349665,0.43518359517857036,0.28169073963647606,0.2722684417612844,0.09820944264620528,0.2985664741576255,0.28169073963647606,COMPLETE
25,0.271433241502073,2022-10-18 21:47:13.734449,2022-10-18 21:48:25.183380,0 days 00:01:11.448931,0.8656120018412207,smoteen,balanced,no,Helmert,,False,BorutaShap,,l1,"Pipeline(memory='Caching',
         steps=[('smote', SMOTEN(n_jobs=2, random_state=120)),
                ['feature_engine', FeatureEngineTransformer()],
                ['interval_encoding', IntervalDataTransformer()],
                ['binary_encoding', BinaryDataTransformer()],
                ['ordinal_encoding', OrdinalDataTransformer()],
                ['contrast_data',
                 HelmertEncoder(cols=['Fruitveg_ytd', 'Number_people_household',
                                      'Sports_in...
                                             'Birth_Date_month',
                                             'Birth_Date_quarter',
                                             'Birth_Date_week',
                                             'Birth_Date_day_of_week',
                                             'Birth_Date_day_of_month',
                                             'Birth_Date_day_of_year'])],
                ('scaling', ScalingTransformer()),
                ('featureselection',
                 FeatureSelectionTransformer(method='BorutaShap',
                                             model=LinearSVC(C=0.8656120018412207,
                                                             class_weight='balanced',
                                                             dual=False,
                                                             penalty='l1',
                                                             random_state=120),
                                             scaling_indicator='yes'))])",smoteen,no,Helmert,,BorutaShap,,yes,0.6133121736302212,0.6905047718836327,0.589760761906994,0.8615811855131184,0.6133121736302212,0.2905480465557985,0.271433241502073,0.0949859909011526,0.2903560736187855,0.2905480465557985,COMPLETE
26,0.2664151071056442,2022-10-18 21:48:25.391275,2022-10-18 21:48:51.265710,0 days 00:00:25.874435,0.12026285404190913,no,balanced,no,Polynomial,,False,BorutaShap,,l2,"Pipeline(memory='Caching',
         steps=[['feature_engine', FeatureEngineTransformer()],
                ['interval_encoding', IntervalDataTransformer()],
                ['binary_encoding', BinaryDataTransformer()],
                ['ordinal_encoding', OrdinalDataTransformer()],
                ['contrast_data',
                 PolynomialEncoder(cols=['Fruitveg_ytd',
                                         'Number_people_household',
                                         'Sports_in_week', 'Internet_in_week',
                                         'Tired_in_week'...
                                             'Birth_Date_month',
                                             'Birth_Date_quarter',
                                             'Birth_Date_week',
                                             'Birth_Date_day_of_week',
                                             'Birth_Date_day_of_month',
                                             'Birth_Date_day_of_year'])],
                ('scaling', ScalingTransformer()),
                ('featureselection',
                 FeatureSelectionTransformer(method='BorutaShap',
                                             model=LinearSVC(C=0.12026285404190913,
                                                             class_weight='balanced',
                                                             dual=False,
                                                             random_state=120),
                                             scaling_indicator='yes'))])",no,no,Polynomial,,BorutaShap,,yes,0.3456316622900892,0.3442284289897824,0.2241535563383219,0.42727435510332357,0.3456316622900892,0.2845409847832328,0.2664151071056442,0.13068735779658194,0.27955238128710375,0.2845409847832328,COMPLETE
27,0.2344582020558433,2022-10-18 21:48:51.507549,2022-10-18 21:49:59.188128,0 days 00:01:07.680579,0.035844686989461895,smoteen,balanced,no,Sum,,False,BorutaShap,,l1,"Pipeline(memory='Caching',
         steps=[('smote', SMOTEN(n_jobs=2, random_state=120)),
                ['feature_engine', FeatureEngineTransformer()],
                ['interval_encoding', IntervalDataTransformer()],
                ['binary_encoding', BinaryDataTransformer()],
                ['ordinal_encoding', OrdinalDataTransformer()],
                ['contrast_data',
                 SumEncoder(cols=['Fruitveg_ytd', 'Number_people_household',
                                  'Sports_in_wee...
                                             'Birth_Date_quarter',
                                             'Birth_Date_week',
                                             'Birth_Date_day_of_week',
                                             'Birth_Date_day_of_month',
                                             'Birth_Date_day_of_year'])],
                ('scaling', ScalingTransformer()),
                ('featureselection',
                 FeatureSelectionTransformer(method='BorutaShap',
                                             model=LinearSVC(C=0.035844686989461895,
                                                             class_weight='balanced',
                                                             dual=False,
                                                             penalty='l1',
                                                             random_state=120),
                                             scaling_indicator='yes'))])",smoteen,no,Sum,,BorutaShap,,yes,0.38680863939399385,0.43492528481547693,0.26833433412490243,0.5918498443535674,0.38680863939399385,0.2630957507895493,0.2344582020558433,0.02355107867488618,0.22965253718071754,0.2630957507895493,COMPLETE
28,0.2354907269152958,2022-10-18 21:49:59.388654,2022-10-18 21:50:12.581265,0 days 00:00:13.192611,0.05844298732162145,smoteen,balanced,no,Polynomial,,False,FeatureWiz,,l1,"Pipeline(memory='Caching',
         steps=[('smote', SMOTEN(n_jobs=2, random_state=120)),
                ['feature_engine', FeatureEngineTransformer()],
                ['interval_encoding', IntervalDataTransformer()],
                ['binary_encoding', BinaryDataTransformer()],
                ['ordinal_encoding', OrdinalDataTransformer()],
                ['contrast_data',
                 PolynomialEncoder(cols=['Fruitveg_ytd',
                                         'Number_people_household',
                                         'Sports...
                                             'Birth_Date_quarter',
                                             'Birth_Date_week',
                                             'Birth_Date_day_of_week',
                                             'Birth_Date_day_of_month',
                                             'Birth_Date_day_of_year'])],
                ('scaling', ScalingTransformer()),
                ('featureselection',
                 FeatureSelectionTransformer(method='FeatureWiz',
                                             model=LinearSVC(C=0.05844298732162145,
                                                             class_weight='balanced',
                                                             dual=False,
                                                             penalty='l1',
                                                             random_state=120),
                                             scaling_indicator='yes'))])",smoteen,no,Polynomial,,FeatureWiz,,yes,0.3852701075259148,0.4269892804826638,0.2331949233192828,0.5467300919788753,0.3852701075259148,0.2698128547450253,0.2354907269152958,0.06354895732513834,0.2477234361660572,0.2698128547450253,COMPLETE
29,0.23618429578875663,2022-10-18 21:50:12.772089,2022-10-18 21:50:37.481546,0 days 00:00:24.709457,0.09334012526091708,smoteen,balanced,no,Helmert,,False,Lasso,29.0,l2,"Pipeline(memory='Caching',
         steps=[('smote', SMOTEN(n_jobs=2, random_state=120)),
                ['feature_engine', FeatureEngineTransformer()],
                ['interval_encoding', IntervalDataTransformer()],
                ['binary_encoding', BinaryDataTransformer()],
                ['ordinal_encoding', OrdinalDataTransformer()],
                ['contrast_data',
                 HelmertEncoder(cols=['Fruitveg_ytd', 'Number_people_household',
                                      'Sports_in...
                                             'Birth_Date_month',
                                             'Birth_Date_quarter',
                                             'Birth_Date_week',
                                             'Birth_Date_day_of_week',
                                             'Birth_Date_day_of_month',
                                             'Birth_Date_day_of_year'])],
                ('scaling', ScalingTransformer()),
                ('featureselection',
                 FeatureSelectionTransformer(method='Lasso',
                                             model=LinearSVC(C=0.09334012526091708,
                                                             class_weight='balanced',
                                                             dual=False,
                                                             random_state=120),
                                             number=29,
                                             scaling_indicator='yes'))])",smoteen,no,Helmert,,Lasso,29.0,yes,0.39286872290868535,0.4003265293809794,0.2661740974294344,0.41890369167233527,0.39286872290868535,0.2523542922767729,0.23618429578875663,0.04581741498609432,0.2341147751290554,0.2523542922767729,COMPLETE
30,0.2526690594059326,2022-10-18 21:50:37.712515,2022-10-18 21:50:43.809892,0 days 00:00:06.097377,0.02506248250034245,smoteen,balanced,no,Helmert,,False,FeatureImportance_ET,26.0,l1,"Pipeline(memory='Caching',
         steps=[('smote', SMOTEN(n_jobs=2, random_state=120)),
                ['feature_engine', FeatureEngineTransformer()],
                ['interval_encoding', IntervalDataTransformer()],
                ['binary_encoding', BinaryDataTransformer()],
                ['ordinal_encoding', OrdinalDataTransformer()],
                ['contrast_data',
                 HelmertEncoder(cols=['Fruitveg_ytd', 'Number_people_household',
                                      'Sports_in...
                                             'Birth_Date_quarter',
                                             'Birth_Date_week',
                                             'Birth_Date_day_of_week',
                                             'Birth_Date_day_of_month',
                                             'Birth_Date_day_of_year'])],
                ('scaling', ScalingTransformer()),
                ('featureselection',
                 FeatureSelectionTransformer(method='FeatureImportance_ET',
                                             model=LinearSVC(C=0.02506248250034245,
                                                             class_weight='balanced',
                                                             dual=False,
                                                             penalty='l1',
                                                             random_state=120),
                                             number=26,
                                             scaling_indicator='yes'))])",smoteen,no,Helmert,,FeatureImportance_ET,26.0,yes,0.3727999304543847,0.39773620894878176,0.19122190370545167,0.4491652801878767,0.3727999304543847,0.2866971995847965,0.2526690594059326,0.033912253457986735,0.277988142713005,0.2866971995847965,COMPLETE
31,0.3032792449735522,2022-10-18 21:50:43.999974,2022-10-18 21:51:52.803306,0 days 00:01:08.803332,0.3049241606512873,smoteen,balanced,no,Polynomial,,False,BorutaShap,,l1,"Pipeline(memory='Caching',
         steps=[('smote', SMOTEN(n_jobs=2, random_state=120)),
                ['feature_engine', FeatureEngineTransformer()],
                ['interval_encoding', IntervalDataTransformer()],
                ['binary_encoding', BinaryDataTransformer()],
                ['ordinal_encoding', OrdinalDataTransformer()],
                ['contrast_data',
                 PolynomialEncoder(cols=['Fruitveg_ytd',
                                         'Number_people_household',
                                         'Sports...
                                             'Birth_Date_month',
                                             'Birth_Date_quarter',
                                             'Birth_Date_week',
                                             'Birth_Date_day_of_week',
                                             'Birth_Date_day_of_month',
                                             'Birth_Date_day_of_year'])],
                ('scaling', ScalingTransformer()),
                ('featureselection',
                 FeatureSelectionTransformer(method='BorutaShap',
                                             model=LinearSVC(C=0.3049241606512873,
                                                             class_weight='balanced',
                                                             dual=False,
                                                             penalty='l1',
                                                             random_state=120),
                                             scaling_indicator='yes'))])",smoteen,no,Polynomial,,BorutaShap,,yes,0.5268348276647662,0.6015904756274538,0.47618064858792725,0.779291541235206,0.5268348276647662,0.30537901124141437,0.3032792449735522,0.1348279479546805,0.36619365141356225,0.30537901124141437,COMPLETE
32,0.2937485557753441,2022-10-18 21:51:53.021379,2022-10-18 21:53:08.881474,0 days 00:01:15.860095,0.39200720018505864,smoteen,balanced,no,Polynomial,,False,BorutaShap,,l1,"Pipeline(memory='Caching',
         steps=[('smote', SMOTEN(n_jobs=2, random_state=120)),
                ['feature_engine', FeatureEngineTransformer()],
                ['interval_encoding', IntervalDataTransformer()],
                ['binary_encoding', BinaryDataTransformer()],
                ['ordinal_encoding', OrdinalDataTransformer()],
                ['contrast_data',
                 PolynomialEncoder(cols=['Fruitveg_ytd',
                                         'Number_people_household',
                                         'Sports...
                                             'Birth_Date_quarter',
                                             'Birth_Date_week',
                                             'Birth_Date_day_of_week',
                                             'Birth_Date_day_of_month',
                                             'Birth_Date_day_of_year'])],
                ('scaling', ScalingTransformer()),
                ('featureselection',
                 FeatureSelectionTransformer(method='BorutaShap',
                                             model=LinearSVC(C=0.39200720018505864,
                                                             class_weight='balanced',
                                                             dual=False,
                                                             penalty='l1',
                                                             random_state=120),
                                             scaling_indicator='yes'))])",smoteen,no,Polynomial,,BorutaShap,,yes,0.5469146777220213,0.6261093797904166,0.5054877208680152,0.8015384968808538,0.5469146777220213,0.29950943042028316,0.2937485557753441,0.11093003390860752,0.3513478359547526,0.29950943042028316,COMPLETE
33,0.26796631937440485,2022-10-18 21:53:09.071585,2022-10-18 21:53:33.540341,0 days 00:00:24.468756,0.08965219486756475,no,balanced,yes,Polynomial,0.9285006159319195,False,BorutaShap,,l1,"Pipeline(memory='Caching',
         steps=[['feature_engine', FeatureEngineTransformer()],
                ['interval_encoding', IntervalDataTransformer()],
                ['binary_encoding', BinaryDataTransformer()],
                ['ordinal_encoding', OrdinalDataTransformer()],
                ['contrast_data',
                 PolynomialEncoder(cols=['Fruitveg_ytd',
                                         'Number_people_household',
                                         'Sports_in_week', 'Internet_in_week',
                                         'Tired_in_week'...
                                             'Birth_Date_day_of_week',
                                             'Birth_Date_day_of_month',
                                             'Birth_Date_day_of_year'])],
                ('scaling', ScalingTransformer()),
                ('featureselection',
                 FeatureSelectionTransformer(cluster_indicator='yes',
                                             damping=0.9285006159319195,
                                             method='BorutaShap',
                                             model=LinearSVC(C=0.08965219486756475,
                                                             class_weight='balanced',
                                                             dual=False,
                                                             penalty='l1',
                                                             random_state=120),
                                             scaling_indicator='yes'))])",no,yes,Polynomial,0.9285006159319195,BorutaShap,,yes,0.3149084965556935,0.3052120832497746,0.17705510540631567,0.31714088776456206,0.3149084965556935,0.2834715044501866,0.26796631937440485,0.14332045763324996,0.2821625995398705,0.2834715044501866,COMPLETE
34,0.2908574195952675,2022-10-18 21:53:33.722386,2022-10-18 21:53:40.440185,0 days 00:00:06.717799,0.1826314219710782,no,balanced,no,Backward Difference,,False,Lasso,29.0,l1,"Pipeline(memory='Caching',
         steps=[['feature_engine', FeatureEngineTransformer()],
                ['interval_encoding', IntervalDataTransformer()],
                ['binary_encoding', BinaryDataTransformer()],
                ['ordinal_encoding', OrdinalDataTransformer()],
                ['contrast_data',
                 BackwardDifferenceEncoder(cols=['Fruitveg_ytd',
                                                 'Number_people_household',
                                                 'Sports_in_week',
                                                 'Internet_in_week',
                                                 'Tired_...
                                             'Birth_Date_quarter',
                                             'Birth_Date_week',
                                             'Birth_Date_day_of_week',
                                             'Birth_Date_day_of_month',
                                             'Birth_Date_day_of_year'])],
                ('scaling', ScalingTransformer()),
                ('featureselection',
                 FeatureSelectionTransformer(method='Lasso',
                                             model=LinearSVC(C=0.1826314219710782,
                                                             class_weight='balanced',
                                                             dual=False,
                                                             penalty='l1',
                                                             random_state=120),
                                             number=29,
                                             scaling_indicator='yes'))])",no,no,Backward Difference,,Lasso,29.0,yes,0.5249284646906119,0.4948518003077204,0.4116248073318474,0.5044798673023027,0.5249284646906119,0.2995458711543983,0.2908574195952675,0.11246544118812085,0.30017091668984414,0.2995458711543983,COMPLETE
35,0.30300129681821614,2022-10-18 21:53:40.631313,2022-10-18 21:53:49.888233,0 days 00:00:09.256920,0.11167130374921003,no,balanced,yes,Backward Difference,0.8648397490128554,False,Lasso,30.0,l2,"Pipeline(memory='Caching',
         steps=[['feature_engine', FeatureEngineTransformer()],
                ['interval_encoding', IntervalDataTransformer()],
                ['binary_encoding', BinaryDataTransformer()],
                ['ordinal_encoding', OrdinalDataTransformer()],
                ['contrast_data',
                 BackwardDifferenceEncoder(cols=['Fruitveg_ytd',
                                                 'Number_people_household',
                                                 'Sports_in_week',
                                                 'Internet_in_week',
                                                 'Tired_...
                                             'Birth_Date_day_of_week',
                                             'Birth_Date_day_of_month',
                                             'Birth_Date_day_of_year'])],
                ('scaling', ScalingTransformer()),
                ('featureselection',
                 FeatureSelectionTransformer(cluster_indicator='yes',
                                             damping=0.8648397490128554,
                                             method='Lasso',
                                             model=LinearSVC(C=0.11167130374921003,
                                                             class_weight='balanced',
                                                             dual=False,
                                                             random_state=120),
                                             number=30,
                                             scaling_indicator='yes'))])",no,yes,Backward Difference,0.8648397490128554,Lasso,30.0,yes,0.5388070491375744,0.5030420910239104,0.4264284452659071,0.49278797672877234,0.5388070491375744,0.3197367985158683,0.30300129681821614,0.13744598814721953,0.317927581744263,0.3197367985158683,COMPLETE
36,0.28741260616129033,2022-10-18 21:53:50.061827,2022-10-18 21:54:03.462347,0 days 00:00:13.400520,0.08829947423023592,no,balanced,yes,Sum,0.7093003401405363,False,Lasso,29.0,l2,"Pipeline(memory='Caching',
         steps=[['feature_engine', FeatureEngineTransformer()],
                ['interval_encoding', IntervalDataTransformer()],
                ['binary_encoding', BinaryDataTransformer()],
                ['ordinal_encoding', OrdinalDataTransformer()],
                ['contrast_data',
                 SumEncoder(cols=['Fruitveg_ytd', 'Number_people_household',
                                  'Sports_in_week', 'Internet_in_week',
                                  'Tired_in_week', 'Conce...
                                             'Birth_Date_day_of_week',
                                             'Birth_Date_day_of_month',
                                             'Birth_Date_day_of_year'])],
                ('scaling', ScalingTransformer()),
                ('featureselection',
                 FeatureSelectionTransformer(cluster_indicator='yes',
                                             damping=0.7093003401405363,
                                             method='Lasso',
                                             model=LinearSVC(C=0.08829947423023592,
                                                             class_weight='balanced',
                                                             dual=False,
                                                             random_state=120),
                                             number=29,
                                             scaling_indicator='yes'))])",no,yes,Sum,0.7093003401405363,Lasso,29.0,yes,0.5644351779408502,0.5366274654349547,0.4387345508126396,0.5335518184283935,0.5644351779408502,0.30600940833498974,0.28741260616129033,0.13392003335715333,0.29619838122762104,0.30600940833498974,COMPLETE
37,0.28555058006324613,2022-10-18 21:54:03.628082,2022-10-18 21:54:10.196487,0 days 00:00:06.568405,0.17370050036915632,no,balanced,no,Backward Difference,,False,Lasso,30.0,l1,"Pipeline(memory='Caching',
         steps=[['feature_engine', FeatureEngineTransformer()],
                ['interval_encoding', IntervalDataTransformer()],
                ['binary_encoding', BinaryDataTransformer()],
                ['ordinal_encoding', OrdinalDataTransformer()],
                ['contrast_data',
                 BackwardDifferenceEncoder(cols=['Fruitveg_ytd',
                                                 'Number_people_household',
                                                 'Sports_in_week',
                                                 'Internet_in_week',
                                                 'Tired_...
                                             'Birth_Date_quarter',
                                             'Birth_Date_week',
                                             'Birth_Date_day_of_week',
                                             'Birth_Date_day_of_month',
                                             'Birth_Date_day_of_year'])],
                ('scaling', ScalingTransformer()),
                ('featureselection',
                 FeatureSelectionTransformer(method='Lasso',
                                             model=LinearSVC(C=0.17370050036915632,
                                                             class_weight='balanced',
                                                             dual=False,
                                                             penalty='l1',
                                                             random_state=120),
                                             number=30,
                                             scaling_indicator='yes'))])",no,no,Backward Difference,,Lasso,30.0,yes,0.522037188168852,0.49394931630721195,0.4109174718609417,0.5050698103707557,0.522037188168852,0.28998155878000836,0.28555058006324613,0.1062619414420219,0.29469577411501385,0.28998155878000836,COMPLETE
38,0.2904707095216837,2022-10-18 21:54:10.375219,2022-10-18 21:54:18.441210,0 days 00:00:08.065991,0.038802894017264056,no,balanced,yes,Backward Difference,0.7379056070204837,False,Lasso,29.0,l2,"Pipeline(memory='Caching',
         steps=[['feature_engine', FeatureEngineTransformer()],
                ['interval_encoding', IntervalDataTransformer()],
                ['binary_encoding', BinaryDataTransformer()],
                ['ordinal_encoding', OrdinalDataTransformer()],
                ['contrast_data',
                 BackwardDifferenceEncoder(cols=['Fruitveg_ytd',
                                                 'Number_people_household',
                                                 'Sports_in_week',
                                                 'Internet_in_week',
                                                 'Tired_...
                                             'Birth_Date_day_of_week',
                                             'Birth_Date_day_of_month',
                                             'Birth_Date_day_of_year'])],
                ('scaling', ScalingTransformer()),
                ('featureselection',
                 FeatureSelectionTransformer(cluster_indicator='yes',
                                             damping=0.7379056070204837,
                                             method='Lasso',
                                             model=LinearSVC(C=0.038802894017264056,
                                                             class_weight='balanced',
                                                             dual=False,
                                                             random_state=120),
                                             number=29,
                                             scaling_indicator='yes'))])",no,yes,Backward Difference,0.7379056070204837,Lasso,29.0,yes,0.49382318027302646,0.4789398120867312,0.3938741843028441,0.4963564051687843,0.49382318027302646,0.30292961416992426,0.2904707095216837,0.11864192519599481,0.30647218735928416,0.30292961416992426,COMPLETE
39,0.2617447116457414,2022-10-18 21:54:18.629282,2022-10-18 21:54:57.635542,0 days 00:00:39.006260,0.3211225639904226,smoteen,balanced,yes,Polynomial,0.9408429412654927,False,Lasso,1.0,l1,"Pipeline(memory='Caching',
         steps=[('smote', SMOTEN(n_jobs=2, random_state=120)),
                ['feature_engine', FeatureEngineTransformer()],
                ['interval_encoding', IntervalDataTransformer()],
                ['binary_encoding', BinaryDataTransformer()],
                ['ordinal_encoding', OrdinalDataTransformer()],
                ['contrast_data',
                 PolynomialEncoder(cols=['Fruitveg_ytd',
                                         'Number_people_household',
                                         'Sports...
                                             'Birth_Date_day_of_week',
                                             'Birth_Date_day_of_month',
                                             'Birth_Date_day_of_year'])],
                ('scaling', ScalingTransformer()),
                ('featureselection',
                 FeatureSelectionTransformer(cluster_indicator='yes',
                                             damping=0.9408429412654927,
                                             method='Lasso',
                                             model=LinearSVC(C=0.3211225639904226,
                                                             class_weight='balanced',
                                                             dual=False,
                                                             penalty='l1',
                                                             random_state=120),
                                             number=1,
                                             scaling_indicator='yes'))])",smoteen,yes,Polynomial,0.9408429412654927,Lasso,1.0,yes,0.3455339424569986,0.2742281647911054,0.15851391436040782,0.2861811781402796,0.3455339424569986,0.3288536076326774,0.2617447116457414,0.12467690893748573,0.26972781176793664,0.3288536076326774,COMPLETE
