number,value,datetime_start,datetime_complete,duration,params_auto_class_weights,params_balancing,params_boosting_type,params_contrast_method,params_feature_selection,params_iterations,params_l2_leaf_reg,params_learning_rate,params_loss_function,params_max_depth,params_nan_mode,params_number_features,params_random_strength,params_task_type,params_verbose,user_attrs_Pipeline,user_attrs_balancing_indicator,user_attrs_cluster_indicator,user_attrs_contrast_encoding_method,user_attrs_damping,user_attrs_feature_selection,user_attrs_number_features,user_attrs_scaling_indicator,user_attrs_train_balanced_accuracy,user_attrs_train_f1_score,user_attrs_train_matthews_corrcoef,user_attrs_train_precision_score,user_attrs_train_recall_score,user_attrs_val_balanced_accuracy,user_attrs_val_f1_score,user_attrs_val_matthews_corrcoef,user_attrs_val_precision_score,user_attrs_val_recall_score,state
0,0.2063653114551659,2022-10-19 13:09:36.185458,2022-10-19 13:09:49.294520,0 days 00:00:13.109062,SqrtBalanced,smoteen,Plain,Backward Difference,ANOVA,100,6,0.28466727514410084,MultiClass,8,Min,3.0,1.7677116470878762,GPU,False,"Pipeline(memory='Caching',
         steps=[('smote', SMOTEN(n_jobs=2, random_state=120)),
                ['feature_engine', FeatureEngineTransformer()],
                ['interval_encoding', IntervalDataTransformer()],
                ['binary_encoding', BinaryDataTransformer()],
                ['ordinal_encoding', OrdinalDataTransformer()],
                ['contrast_data',
                 BackwardDifferenceEncoder(cols=['Fruitveg_ytd',
                                                 'Number_people_household'...
                                       'Timestamp_day_of_week',
                                       'Timestamp_day_of_month',
                                       'Timestamp_day_of_year',
                                       'Birth_Date_month', 'Birth_Date_quarter',
                                       'Birth_Date_week',
                                       'Birth_Date_day_of_week',
                                       'Birth_Date_day_of_month',
                                       'Birth_Date_day_of_year'],
                                 drop_invariant=True)],
                ('featureselection',
                 FeatureSelectionTransformer(method='ANOVA',
                                             model=<catboost.core.CatBoostClassifier object at 0x00000170AAD031F0>,
                                             number=3))])",smoteen,no,Backward Difference,,ANOVA,3.0,no,0.40876473920923256,0.30743350671686304,0.1881508693375229,0.3670323856975444,0.40876473920923256,0.28736211221421337,0.2063653114551659,0.04320459623647358,0.25311621172442855,0.28736211221421337,COMPLETE
1,0.27541307581945085,2022-10-19 13:09:49.470719,2022-10-19 13:10:04.074495,0 days 00:00:14.603776,None,smoteen,Plain,Sum,FeatureWiz,100,3,0.07841496619531045,MultiClass,4,Min,,1.025781391677025,GPU,False,"Pipeline(memory='Caching',
         steps=[('smote', SMOTEN(n_jobs=2, random_state=120)),
                ['feature_engine', FeatureEngineTransformer()],
                ['interval_encoding', IntervalDataTransformer()],
                ['binary_encoding', BinaryDataTransformer()],
                ['ordinal_encoding', OrdinalDataTransformer()],
                ['contrast_data',
                 SumEncoder(cols=['Fruitveg_ytd', 'Number_people_household',
                                  'Sports_in_wee...
                                       'Timestamp_day_of_week',
                                       'Timestamp_day_of_month',
                                       'Timestamp_day_of_year',
                                       'Birth_Date_month', 'Birth_Date_quarter',
                                       'Birth_Date_week',
                                       'Birth_Date_day_of_week',
                                       'Birth_Date_day_of_month',
                                       'Birth_Date_day_of_year'],
                                 drop_invariant=True)],
                ('featureselection',
                 FeatureSelectionTransformer(method='FeatureWiz',
                                             model=<catboost.core.CatBoostClassifier object at 0x00000170AA926050>))])",smoteen,no,Sum,,FeatureWiz,,no,0.6285458348325004,0.61196994664744,0.5037876256274729,0.6383717899969993,0.6285458348325004,0.2843106366260181,0.27541307581945085,0.08235618293061212,0.28275639277569065,0.2843106366260181,COMPLETE
2,0.23997554987882444,2022-10-19 13:10:04.276297,2022-10-19 13:10:50.408660,0 days 00:00:46.132363,Balanced,smoteen,Plain,Polynomial,Lasso,100,2,0.012205276395372895,MultiClass,10,Min,1.0,0.4773136834468709,GPU,False,"Pipeline(memory='Caching',
         steps=[('smote', SMOTEN(n_jobs=2, random_state=120)),
                ['feature_engine', FeatureEngineTransformer()],
                ['interval_encoding', IntervalDataTransformer()],
                ['binary_encoding', BinaryDataTransformer()],
                ['ordinal_encoding', OrdinalDataTransformer()],
                ['contrast_data',
                 PolynomialEncoder(cols=['Fruitveg_ytd',
                                         'Number_people_household',
                                         'Sports...
                                       'Timestamp_day_of_week',
                                       'Timestamp_day_of_month',
                                       'Timestamp_day_of_year',
                                       'Birth_Date_month', 'Birth_Date_quarter',
                                       'Birth_Date_week',
                                       'Birth_Date_day_of_week',
                                       'Birth_Date_day_of_month',
                                       'Birth_Date_day_of_year'],
                                 drop_invariant=True)],
                ('featureselection',
                 FeatureSelectionTransformer(method='Lasso',
                                             model=<catboost.core.CatBoostClassifier object at 0x00000170A97469B0>,
                                             number=1))])",smoteen,no,Polynomial,,Lasso,1.0,no,0.41437640179406854,0.3922718256436144,0.16824466996388676,0.39372910368416525,0.41437640179406854,0.24946563760823248,0.23997554987882444,0.012205554465171414,0.24379468119662429,0.24946563760823248,COMPLETE
3,0.23439248293612905,2022-10-19 13:10:50.624383,2022-10-19 13:11:01.431404,0 days 00:00:10.807021,SqrtBalanced,no,Plain,Helmert,FeatureWiz,100,7,0.04568128503467445,MultiClass,5,Min,,2.585356640029096,GPU,False,"Pipeline(memory='Caching',
         steps=[['feature_engine', FeatureEngineTransformer()],
                ['interval_encoding', IntervalDataTransformer()],
                ['binary_encoding', BinaryDataTransformer()],
                ['ordinal_encoding', OrdinalDataTransformer()],
                ['contrast_data',
                 HelmertEncoder(cols=['Fruitveg_ytd', 'Number_people_household',
                                      'Sports_in_week', 'Internet_in_week',
                                      'Tired_in_week', 'C...
                                       'Timestamp_day_of_week',
                                       'Timestamp_day_of_month',
                                       'Timestamp_day_of_year',
                                       'Birth_Date_month', 'Birth_Date_quarter',
                                       'Birth_Date_week',
                                       'Birth_Date_day_of_week',
                                       'Birth_Date_day_of_month',
                                       'Birth_Date_day_of_year'],
                                 drop_invariant=True)],
                ('featureselection',
                 FeatureSelectionTransformer(method='FeatureWiz',
                                             model=<catboost.core.CatBoostClassifier object at 0x00000170B10D0D00>))])",no,no,Helmert,,FeatureWiz,,no,0.4763921748147699,0.5402185285085176,0.44285530851440597,0.8608017129170481,0.4763921748147699,0.249738390981761,0.23439248293612905,0.059138011550225224,0.22635125448028673,0.249738390981761,COMPLETE
4,0.04371416854018082,2022-10-19 13:11:01.613947,2022-10-19 13:11:20.458943,0 days 00:00:18.844996,None,smoteen,Plain,Helmert,MutualInformation,100,9,0.011103101087785602,MultiClass,9,Min,20.0,8.509727642274402,GPU,False,"Pipeline(memory='Caching',
         steps=[('smote', SMOTEN(n_jobs=2, random_state=120)),
                ['feature_engine', FeatureEngineTransformer()],
                ['interval_encoding', IntervalDataTransformer()],
                ['binary_encoding', BinaryDataTransformer()],
                ['ordinal_encoding', OrdinalDataTransformer()],
                ['contrast_data',
                 HelmertEncoder(cols=['Fruitveg_ytd', 'Number_people_household',
                                      'Sports_in...
                                       'Timestamp_day_of_month',
                                       'Timestamp_day_of_year',
                                       'Birth_Date_month', 'Birth_Date_quarter',
                                       'Birth_Date_week',
                                       'Birth_Date_day_of_week',
                                       'Birth_Date_day_of_month',
                                       'Birth_Date_day_of_year'],
                                 drop_invariant=True)],
                ('featureselection',
                 FeatureSelectionTransformer(method='MutualInformation',
                                             model=<catboost.core.CatBoostClassifier object at 0x00000170AA8EC0D0>,
                                             number=20))])",smoteen,no,Helmert,,MutualInformation,20.0,no,0.28394618687598067,0.07653371859247766,0.020538506982533993,0.17926637383543156,0.28394618687598067,0.1935363247863248,0.04371416854018082,-0.020842117144401512,0.10865926427616994,0.1935363247863248,COMPLETE
5,0.19607841041957366,2022-10-19 13:11:20.639644,2022-10-19 13:11:33.712336,0 days 00:00:13.072692,None,smoteen,Plain,Polynomial,FeatureImportance_ET,100,9,0.2866204090463168,MultiClass,6,Min,6.0,0.8865034524233096,GPU,False,"Pipeline(memory='Caching',
         steps=[('smote', SMOTEN(n_jobs=2, random_state=120)),
                ['feature_engine', FeatureEngineTransformer()],
                ['interval_encoding', IntervalDataTransformer()],
                ['binary_encoding', BinaryDataTransformer()],
                ['ordinal_encoding', OrdinalDataTransformer()],
                ['contrast_data',
                 PolynomialEncoder(cols=['Fruitveg_ytd',
                                         'Number_people_household',
                                         'Sports...
                                       'Timestamp_day_of_month',
                                       'Timestamp_day_of_year',
                                       'Birth_Date_month', 'Birth_Date_quarter',
                                       'Birth_Date_week',
                                       'Birth_Date_day_of_week',
                                       'Birth_Date_day_of_month',
                                       'Birth_Date_day_of_year'],
                                 drop_invariant=True)],
                ('featureselection',
                 FeatureSelectionTransformer(method='FeatureImportance_ET',
                                             model=<catboost.core.CatBoostClassifier object at 0x00000170AABC73A0>,
                                             number=6))])",smoteen,no,Polynomial,,FeatureImportance_ET,6.0,no,0.43948473892398043,0.30056273234771663,0.20487685361908592,0.3565158680493963,0.43948473892398043,0.31376639542439216,0.19607841041957366,0.0684304017757207,0.3022152667852353,0.31376639542439216,COMPLETE
6,0.09940562305601937,2022-10-19 13:11:33.864383,2022-10-19 13:11:53.377883,0 days 00:00:19.513500,None,smoteen,Plain,Polynomial,ANOVA,100,5,0.1629709252271889,MultiClass,9,Min,17.0,1.063480695841744,GPU,False,"Pipeline(memory='Caching',
         steps=[('smote', SMOTEN(n_jobs=2, random_state=120)),
                ['feature_engine', FeatureEngineTransformer()],
                ['interval_encoding', IntervalDataTransformer()],
                ['binary_encoding', BinaryDataTransformer()],
                ['ordinal_encoding', OrdinalDataTransformer()],
                ['contrast_data',
                 PolynomialEncoder(cols=['Fruitveg_ytd',
                                         'Number_people_household',
                                         'Sports...
                                       'Timestamp_day_of_week',
                                       'Timestamp_day_of_month',
                                       'Timestamp_day_of_year',
                                       'Birth_Date_month', 'Birth_Date_quarter',
                                       'Birth_Date_week',
                                       'Birth_Date_day_of_week',
                                       'Birth_Date_day_of_month',
                                       'Birth_Date_day_of_year'],
                                 drop_invariant=True)],
                ('featureselection',
                 FeatureSelectionTransformer(method='ANOVA',
                                             model=<catboost.core.CatBoostClassifier object at 0x00000170AADE5CC0>,
                                             number=17))])",smoteen,no,Polynomial,,ANOVA,17.0,no,0.3146937463907749,0.15271892946454083,0.06980027758235535,0.309294688382796,0.3146937463907749,0.23169387080800788,0.09940562305601937,0.012398683776154407,0.2623446746610803,0.23169387080800788,COMPLETE
7,0.15350632768272895,2022-10-19 13:11:53.581528,2022-10-19 13:12:24.069017,0 days 00:00:30.487489,SqrtBalanced,smoteen,Plain,Helmert,Lasso,100,3,0.020094933318187923,MultiClass,5,Min,26.0,0.31858116764354055,GPU,False,"Pipeline(memory='Caching',
         steps=[('smote', SMOTEN(n_jobs=2, random_state=120)),
                ['feature_engine', FeatureEngineTransformer()],
                ['interval_encoding', IntervalDataTransformer()],
                ['binary_encoding', BinaryDataTransformer()],
                ['ordinal_encoding', OrdinalDataTransformer()],
                ['contrast_data',
                 HelmertEncoder(cols=['Fruitveg_ytd', 'Number_people_household',
                                      'Sports_in...
                                       'Timestamp_day_of_week',
                                       'Timestamp_day_of_month',
                                       'Timestamp_day_of_year',
                                       'Birth_Date_month', 'Birth_Date_quarter',
                                       'Birth_Date_week',
                                       'Birth_Date_day_of_week',
                                       'Birth_Date_day_of_month',
                                       'Birth_Date_day_of_year'],
                                 drop_invariant=True)],
                ('featureselection',
                 FeatureSelectionTransformer(method='Lasso',
                                             model=<catboost.core.CatBoostClassifier object at 0x00000170AAA86350>,
                                             number=26))])",smoteen,no,Helmert,,Lasso,26.0,no,0.3583455208897683,0.2559504584454724,0.1237440192681658,0.31617397958103544,0.3583455208897683,0.2651540420155271,0.15350632768272895,0.015481087224927375,0.2698102506524316,0.2651540420155271,COMPLETE
8,0.09923837687686841,2022-10-19 13:12:24.251659,2022-10-19 13:12:50.046597,0 days 00:00:25.794938,SqrtBalanced,smoteen,Plain,Backward Difference,ANOVA,100,3,0.0875139202437265,MultiClass,10,Min,16.0,8.477615943283839,GPU,False,"Pipeline(memory='Caching',
         steps=[('smote', SMOTEN(n_jobs=2, random_state=120)),
                ['feature_engine', FeatureEngineTransformer()],
                ['interval_encoding', IntervalDataTransformer()],
                ['binary_encoding', BinaryDataTransformer()],
                ['ordinal_encoding', OrdinalDataTransformer()],
                ['contrast_data',
                 BackwardDifferenceEncoder(cols=['Fruitveg_ytd',
                                                 'Number_people_household'...
                                       'Timestamp_day_of_week',
                                       'Timestamp_day_of_month',
                                       'Timestamp_day_of_year',
                                       'Birth_Date_month', 'Birth_Date_quarter',
                                       'Birth_Date_week',
                                       'Birth_Date_day_of_week',
                                       'Birth_Date_day_of_month',
                                       'Birth_Date_day_of_year'],
                                 drop_invariant=True)],
                ('featureselection',
                 FeatureSelectionTransformer(method='ANOVA',
                                             model=<catboost.core.CatBoostClassifier object at 0x00000170AAD030A0>,
                                             number=16))])",smoteen,no,Backward Difference,,ANOVA,16.0,no,0.36694948157441337,0.21920498159881804,0.11940742246249773,0.3350543804443789,0.36694948157441337,0.2573594372783479,0.09923837687686841,0.015370034610606815,0.25594864561575986,0.2573594372783479,COMPLETE
9,0.06408314317273539,2022-10-19 13:12:50.201676,2022-10-19 13:13:10.722265,0 days 00:00:20.520589,SqrtBalanced,smoteen,Plain,Polynomial,ANOVA,100,7,0.016495269930437362,MultiClass,9,Min,16.0,0.12592824561736024,GPU,False,"Pipeline(memory='Caching',
         steps=[('smote', SMOTEN(n_jobs=2, random_state=120)),
                ['feature_engine', FeatureEngineTransformer()],
                ['interval_encoding', IntervalDataTransformer()],
                ['binary_encoding', BinaryDataTransformer()],
                ['ordinal_encoding', OrdinalDataTransformer()],
                ['contrast_data',
                 PolynomialEncoder(cols=['Fruitveg_ytd',
                                         'Number_people_household',
                                         'Sports...
                                       'Timestamp_day_of_week',
                                       'Timestamp_day_of_month',
                                       'Timestamp_day_of_year',
                                       'Birth_Date_month', 'Birth_Date_quarter',
                                       'Birth_Date_week',
                                       'Birth_Date_day_of_week',
                                       'Birth_Date_day_of_month',
                                       'Birth_Date_day_of_year'],
                                 drop_invariant=True)],
                ('featureselection',
                 FeatureSelectionTransformer(method='ANOVA',
                                             model=<catboost.core.CatBoostClassifier object at 0x00000170A97EBE20>,
                                             number=16))])",smoteen,no,Polynomial,,ANOVA,16.0,no,0.3225731030087865,0.14843779784827185,0.06696726386959417,0.28817861517197835,0.3225731030087865,0.1956948861503125,0.06408314317273539,-0.004343310530561385,0.2721207982432529,0.1956948861503125,COMPLETE
10,0.2913964989274982,2022-10-19 13:13:10.908535,2022-10-19 13:13:27.720810,0 days 00:00:16.812275,None,smoteen,Plain,Sum,FeatureWiz,100,3,0.15693571928317712,MultiClass,4,Min,,0.4779883839506912,GPU,False,"Pipeline(memory='Caching',
         steps=[('smote', SMOTEN(n_jobs=2, random_state=120)),
                ['feature_engine', FeatureEngineTransformer()],
                ['interval_encoding', IntervalDataTransformer()],
                ['binary_encoding', BinaryDataTransformer()],
                ['ordinal_encoding', OrdinalDataTransformer()],
                ['contrast_data',
                 SumEncoder(cols=['Fruitveg_ytd', 'Number_people_household',
                                  'Sports_in_wee...
                                       'Timestamp_day_of_week',
                                       'Timestamp_day_of_month',
                                       'Timestamp_day_of_year',
                                       'Birth_Date_month', 'Birth_Date_quarter',
                                       'Birth_Date_week',
                                       'Birth_Date_day_of_week',
                                       'Birth_Date_day_of_month',
                                       'Birth_Date_day_of_year'],
                                 drop_invariant=True)],
                ('featureselection',
                 FeatureSelectionTransformer(method='FeatureWiz',
                                             model=<catboost.core.CatBoostClassifier object at 0x00000170A97EAF50>))])",smoteen,no,Sum,,FeatureWiz,,no,0.6717765509294807,0.6626522726318206,0.576818844764365,0.6939179213814058,0.6717765509294807,0.30503054308898864,0.2913964989274982,0.08993124928769458,0.29776375875141975,0.30503054308898864,COMPLETE
11,0.2930576089265051,2022-10-19 13:13:27.890685,2022-10-19 13:13:43.271729,0 days 00:00:15.381044,None,smoteen,Plain,Sum,FeatureWiz,100,6,0.29945481414190583,MultiClass,4,Min,,0.48372347662167725,GPU,False,"Pipeline(memory='Caching',
         steps=[('smote', SMOTEN(n_jobs=2, random_state=120)),
                ['feature_engine', FeatureEngineTransformer()],
                ['interval_encoding', IntervalDataTransformer()],
                ['binary_encoding', BinaryDataTransformer()],
                ['ordinal_encoding', OrdinalDataTransformer()],
                ['contrast_data',
                 SumEncoder(cols=['Fruitveg_ytd', 'Number_people_household',
                                  'Sports_in_wee...
                                       'Timestamp_day_of_week',
                                       'Timestamp_day_of_month',
                                       'Timestamp_day_of_year',
                                       'Birth_Date_month', 'Birth_Date_quarter',
                                       'Birth_Date_week',
                                       'Birth_Date_day_of_week',
                                       'Birth_Date_day_of_month',
                                       'Birth_Date_day_of_year'],
                                 drop_invariant=True)],
                ('featureselection',
                 FeatureSelectionTransformer(method='FeatureWiz',
                                             model=<catboost.core.CatBoostClassifier object at 0x00000170B0F8F850>))])",smoteen,no,Sum,,FeatureWiz,,no,0.7139363221128497,0.697748283772543,0.6002322734891027,0.709877356012757,0.7139363221128497,0.29898369146380166,0.2930576089265051,0.08937362435207953,0.3020930607206285,0.29898369146380166,COMPLETE
12,0.2793262239825021,2022-10-19 13:13:43.444479,2022-10-19 13:13:57.359761,0 days 00:00:13.915282,SqrtBalanced,smoteen,Plain,Sum,FeatureWiz,100,7,0.17315796807538403,MultiClass,6,Min,,0.24631939162031138,GPU,False,"Pipeline(memory='Caching',
         steps=[('smote', SMOTEN(n_jobs=2, random_state=120)),
                ['feature_engine', FeatureEngineTransformer()],
                ['interval_encoding', IntervalDataTransformer()],
                ['binary_encoding', BinaryDataTransformer()],
                ['ordinal_encoding', OrdinalDataTransformer()],
                ['contrast_data',
                 SumEncoder(cols=['Fruitveg_ytd', 'Number_people_household',
                                  'Sports_in_wee...
                                       'Timestamp_day_of_week',
                                       'Timestamp_day_of_month',
                                       'Timestamp_day_of_year',
                                       'Birth_Date_month', 'Birth_Date_quarter',
                                       'Birth_Date_week',
                                       'Birth_Date_day_of_week',
                                       'Birth_Date_day_of_month',
                                       'Birth_Date_day_of_year'],
                                 drop_invariant=True)],
                ('featureselection',
                 FeatureSelectionTransformer(method='FeatureWiz',
                                             model=<catboost.core.CatBoostClassifier object at 0x00000170AAD85840>))])",smoteen,no,Sum,,FeatureWiz,,no,0.6721787080602516,0.6629110810902523,0.5719290593163566,0.6859246973099541,0.6721787080602516,0.2842671925291264,0.2793262239825021,0.054019434361917446,0.2849855703394874,0.2842671925291264,COMPLETE
13,0.08178445812563258,2022-10-19 13:13:57.530748,2022-10-19 13:14:10.001103,0 days 00:00:12.470355,Balanced,smoteen,Plain,Backward Difference,FeatureImportance_ET,100,4,0.16390775392716292,MultiClass,4,Min,22.0,0.6582690483046152,GPU,False,"Pipeline(memory='Caching',
         steps=[('smote', SMOTEN(n_jobs=2, random_state=120)),
                ['feature_engine', FeatureEngineTransformer()],
                ['interval_encoding', IntervalDataTransformer()],
                ['binary_encoding', BinaryDataTransformer()],
                ['ordinal_encoding', OrdinalDataTransformer()],
                ['contrast_data',
                 BackwardDifferenceEncoder(cols=['Fruitveg_ytd',
                                                 'Number_people_household'...
                                       'Timestamp_day_of_month',
                                       'Timestamp_day_of_year',
                                       'Birth_Date_month', 'Birth_Date_quarter',
                                       'Birth_Date_week',
                                       'Birth_Date_day_of_week',
                                       'Birth_Date_day_of_month',
                                       'Birth_Date_day_of_year'],
                                 drop_invariant=True)],
                ('featureselection',
                 FeatureSelectionTransformer(method='FeatureImportance_ET',
                                             model=<catboost.core.CatBoostClassifier object at 0x00000170AAD870A0>,
                                             number=22))])",smoteen,no,Backward Difference,,FeatureImportance_ET,22.0,no,0.34557844574366375,0.18194460829677064,0.10427338143603472,0.3071219776987962,0.34557844574366375,0.24678227445975306,0.08178445812563258,0.014104376983381815,0.1746387588978676,0.24678227445975306,COMPLETE
14,0.30421951291680205,2022-10-19 13:14:10.202457,2022-10-19 13:14:32.151972,0 days 00:00:21.949515,None,smoteen,Plain,Backward Difference,FeatureWiz,100,4,0.2104286863502608,MultiClass,7,Min,,0.540208094139032,GPU,False,"Pipeline(memory='Caching',
         steps=[('smote', SMOTEN(n_jobs=2, random_state=120)),
                ['feature_engine', FeatureEngineTransformer()],
                ['interval_encoding', IntervalDataTransformer()],
                ['binary_encoding', BinaryDataTransformer()],
                ['ordinal_encoding', OrdinalDataTransformer()],
                ['contrast_data',
                 BackwardDifferenceEncoder(cols=['Fruitveg_ytd',
                                                 'Number_people_household'...
                                       'Timestamp_day_of_week',
                                       'Timestamp_day_of_month',
                                       'Timestamp_day_of_year',
                                       'Birth_Date_month', 'Birth_Date_quarter',
                                       'Birth_Date_week',
                                       'Birth_Date_day_of_week',
                                       'Birth_Date_day_of_month',
                                       'Birth_Date_day_of_year'],
                                 drop_invariant=True)],
                ('featureselection',
                 FeatureSelectionTransformer(method='FeatureWiz',
                                             model=<catboost.core.CatBoostClassifier object at 0x00000170AAB5BC10>))])",smoteen,no,Backward Difference,,FeatureWiz,,no,0.808010891789182,0.7981672348642407,0.7412856269916683,0.8045047808477701,0.808010891789182,0.3017255806397993,0.30421951291680205,0.11637072620043089,0.403551257689801,0.3017255806397993,COMPLETE
15,0.26312113641231455,2022-10-19 13:14:32.364818,2022-10-19 13:14:52.527184,0 days 00:00:20.162366,None,smoteen,Plain,Backward Difference,FeatureWiz,100,2,0.2423523129836457,MultiClass,8,Min,,1.0252485801532574,GPU,False,"Pipeline(memory='Caching',
         steps=[('smote', SMOTEN(n_jobs=2, random_state=120)),
                ['feature_engine', FeatureEngineTransformer()],
                ['interval_encoding', IntervalDataTransformer()],
                ['binary_encoding', BinaryDataTransformer()],
                ['ordinal_encoding', OrdinalDataTransformer()],
                ['contrast_data',
                 BackwardDifferenceEncoder(cols=['Fruitveg_ytd',
                                                 'Number_people_household'...
                                       'Timestamp_day_of_week',
                                       'Timestamp_day_of_month',
                                       'Timestamp_day_of_year',
                                       'Birth_Date_month', 'Birth_Date_quarter',
                                       'Birth_Date_week',
                                       'Birth_Date_day_of_week',
                                       'Birth_Date_day_of_month',
                                       'Birth_Date_day_of_year'],
                                 drop_invariant=True)],
                ('featureselection',
                 FeatureSelectionTransformer(method='FeatureWiz',
                                             model=<catboost.core.CatBoostClassifier object at 0x00000170AAB58310>))])",smoteen,no,Backward Difference,,FeatureWiz,,no,0.8965201468108047,0.8795472642830277,0.8309898790895294,0.8738973877418416,0.8965201468108047,0.2662389311996615,0.26312113641231455,0.08677353077343342,0.2710412041210906,0.2662389311996615,COMPLETE
16,0.22840501792114695,2022-10-19 13:14:52.722690,2022-10-19 13:15:07.351790,0 days 00:00:14.629100,None,no,Plain,Sum,FeatureWiz,100,5,0.25339917993488104,MultiClass,7,Min,,0.26766538102337745,GPU,False,"Pipeline(memory='Caching',
         steps=[['feature_engine', FeatureEngineTransformer()],
                ['interval_encoding', IntervalDataTransformer()],
                ['binary_encoding', BinaryDataTransformer()],
                ['ordinal_encoding', OrdinalDataTransformer()],
                ['contrast_data',
                 SumEncoder(cols=['Fruitveg_ytd', 'Number_people_household',
                                  'Sports_in_week', 'Internet_in_week',
                                  'Tired_in_week', 'Conce...
                                       'Timestamp_day_of_week',
                                       'Timestamp_day_of_month',
                                       'Timestamp_day_of_year',
                                       'Birth_Date_month', 'Birth_Date_quarter',
                                       'Birth_Date_week',
                                       'Birth_Date_day_of_week',
                                       'Birth_Date_day_of_month',
                                       'Birth_Date_day_of_year'],
                                 drop_invariant=True)],
                ('featureselection',
                 FeatureSelectionTransformer(method='FeatureWiz',
                                             model=<catboost.core.CatBoostClassifier object at 0x00000170AAB59D50>))])",no,no,Sum,,FeatureWiz,,no,0.45507971555270926,0.5375490295880411,0.4580848337403964,0.9410525129336046,0.45507971555270926,0.24767800746482915,0.22840501792114695,0.053257419036386984,0.21191739339565427,0.24767800746482915,COMPLETE
17,0.24548631228492943,2022-10-19 13:15:07.542219,2022-10-19 13:15:27.857255,0 days 00:00:20.315036,None,smoteen,Plain,Backward Difference,FeatureWiz,100,8,0.1421929985357105,MultiClass,8,Min,,0.17085101805995637,GPU,False,"Pipeline(memory='Caching',
         steps=[('smote', SMOTEN(n_jobs=2, random_state=120)),
                ['feature_engine', FeatureEngineTransformer()],
                ['interval_encoding', IntervalDataTransformer()],
                ['binary_encoding', BinaryDataTransformer()],
                ['ordinal_encoding', OrdinalDataTransformer()],
                ['contrast_data',
                 BackwardDifferenceEncoder(cols=['Fruitveg_ytd',
                                                 'Number_people_household'...
                                       'Timestamp_day_of_week',
                                       'Timestamp_day_of_month',
                                       'Timestamp_day_of_year',
                                       'Birth_Date_month', 'Birth_Date_quarter',
                                       'Birth_Date_week',
                                       'Birth_Date_day_of_week',
                                       'Birth_Date_day_of_month',
                                       'Birth_Date_day_of_year'],
                                 drop_invariant=True)],
                ('featureselection',
                 FeatureSelectionTransformer(method='FeatureWiz',
                                             model=<catboost.core.CatBoostClassifier object at 0x00000170B106AFB0>))])",smoteen,no,Backward Difference,,FeatureWiz,,no,0.6741546826558102,0.6869225901092344,0.6005324800472361,0.7420498307973734,0.6741546826558102,0.25081004351965186,0.24548631228492943,0.0373927240637647,0.25436465718915957,0.25081004351965186,COMPLETE
18,0.2611528417397951,2022-10-19 13:15:28.028573,2022-10-19 13:15:41.119261,0 days 00:00:13.090688,Balanced,smoteen,Plain,Polynomial,FeatureWiz,100,6,0.18212501756725633,MultiClass,5,Min,,3.5565997029055145,GPU,False,"Pipeline(memory='Caching',
         steps=[('smote', SMOTEN(n_jobs=2, random_state=120)),
                ['feature_engine', FeatureEngineTransformer()],
                ['interval_encoding', IntervalDataTransformer()],
                ['binary_encoding', BinaryDataTransformer()],
                ['ordinal_encoding', OrdinalDataTransformer()],
                ['contrast_data',
                 PolynomialEncoder(cols=['Fruitveg_ytd',
                                         'Number_people_household',
                                         'Sports...
                                       'Timestamp_day_of_week',
                                       'Timestamp_day_of_month',
                                       'Timestamp_day_of_year',
                                       'Birth_Date_month', 'Birth_Date_quarter',
                                       'Birth_Date_week',
                                       'Birth_Date_day_of_week',
                                       'Birth_Date_day_of_month',
                                       'Birth_Date_day_of_year'],
                                 drop_invariant=True)],
                ('featureselection',
                 FeatureSelectionTransformer(method='FeatureWiz',
                                             model=<catboost.core.CatBoostClassifier object at 0x00000170B1068FA0>))])",smoteen,no,Polynomial,,FeatureWiz,,no,0.7218275216755611,0.7140403148989724,0.6343949480796466,0.7600004368699675,0.7218275216755611,0.273468312253502,0.2611528417397951,0.07305847197061326,0.26433522407180665,0.273468312253502,COMPLETE
19,0.2466934949226879,2022-10-19 13:15:41.295644,2022-10-19 13:15:55.148737,0 days 00:00:13.853093,None,no,Plain,Polynomial,FeatureWiz,100,8,0.1702385484510169,MultiClass,4,Min,,0.6730444747722187,GPU,False,"Pipeline(memory='Caching',
         steps=[['feature_engine', FeatureEngineTransformer()],
                ['interval_encoding', IntervalDataTransformer()],
                ['binary_encoding', BinaryDataTransformer()],
                ['ordinal_encoding', OrdinalDataTransformer()],
                ['contrast_data',
                 PolynomialEncoder(cols=['Fruitveg_ytd',
                                         'Number_people_household',
                                         'Sports_in_week', 'Internet_in_week',
                                         'Tired_in_week'...
                                       'Timestamp_day_of_week',
                                       'Timestamp_day_of_month',
                                       'Timestamp_day_of_year',
                                       'Birth_Date_month', 'Birth_Date_quarter',
                                       'Birth_Date_week',
                                       'Birth_Date_day_of_week',
                                       'Birth_Date_day_of_month',
                                       'Birth_Date_day_of_year'],
                                 drop_invariant=True)],
                ('featureselection',
                 FeatureSelectionTransformer(method='FeatureWiz',
                                             model=<catboost.core.CatBoostClassifier object at 0x00000170B1068C70>))])",no,no,Polynomial,,FeatureWiz,,no,0.328694067370538,0.35915045993577355,0.2800997843539182,0.6900996205642373,0.328694067370538,0.25925387596899224,0.2466934949226879,0.022486972344029854,0.2940152066280746,0.25925387596899224,COMPLETE
20,0.10189094950794779,2022-10-19 13:15:55.327891,2022-10-19 13:16:10.139708,0 days 00:00:14.811817,None,smoteen,Plain,Sum,ANOVA,100,7,0.059790977705077054,MultiClass,5,Min,10.0,0.2566510306419526,GPU,False,"Pipeline(memory='Caching',
         steps=[('smote', SMOTEN(n_jobs=2, random_state=120)),
                ['feature_engine', FeatureEngineTransformer()],
                ['interval_encoding', IntervalDataTransformer()],
                ['binary_encoding', BinaryDataTransformer()],
                ['ordinal_encoding', OrdinalDataTransformer()],
                ['contrast_data',
                 SumEncoder(cols=['Fruitveg_ytd', 'Number_people_household',
                                  'Sports_in_wee...
                                       'Timestamp_day_of_week',
                                       'Timestamp_day_of_month',
                                       'Timestamp_day_of_year',
                                       'Birth_Date_month', 'Birth_Date_quarter',
                                       'Birth_Date_week',
                                       'Birth_Date_day_of_week',
                                       'Birth_Date_day_of_month',
                                       'Birth_Date_day_of_year'],
                                 drop_invariant=True)],
                ('featureselection',
                 FeatureSelectionTransformer(method='ANOVA',
                                             model=<catboost.core.CatBoostClassifier object at 0x00000170B1095060>,
                                             number=10))])",smoteen,no,Sum,,ANOVA,10.0,no,0.33963544379901256,0.18460607600667336,0.10671084532722018,0.23614162407048597,0.33963544379901256,0.2066737252426767,0.10189094950794779,-0.0054022515282919,0.21696223190306682,0.2066737252426767,COMPLETE
21,0.25965170557190465,2022-10-19 13:16:10.320062,2022-10-19 13:16:26.402345,0 days 00:00:16.082283,None,smoteen,Plain,Sum,MutualInformation,100,4,0.18592128220971849,MultiClass,6,Min,1.0,0.2516668673532099,GPU,False,"Pipeline(memory='Caching',
         steps=[('smote', SMOTEN(n_jobs=2, random_state=120)),
                ['feature_engine', FeatureEngineTransformer()],
                ['interval_encoding', IntervalDataTransformer()],
                ['binary_encoding', BinaryDataTransformer()],
                ['ordinal_encoding', OrdinalDataTransformer()],
                ['contrast_data',
                 SumEncoder(cols=['Fruitveg_ytd', 'Number_people_household',
                                  'Sports_in_wee...
                                       'Timestamp_day_of_month',
                                       'Timestamp_day_of_year',
                                       'Birth_Date_month', 'Birth_Date_quarter',
                                       'Birth_Date_week',
                                       'Birth_Date_day_of_week',
                                       'Birth_Date_day_of_month',
                                       'Birth_Date_day_of_year'],
                                 drop_invariant=True)],
                ('featureselection',
                 FeatureSelectionTransformer(method='MutualInformation',
                                             model=<catboost.core.CatBoostClassifier object at 0x00000170B1097B50>,
                                             number=1))])",smoteen,no,Sum,,MutualInformation,1.0,no,0.5464847635020454,0.5364219431715606,0.4160793001666001,0.5546074124587258,0.5464847635020454,0.2625456163017363,0.25965170557190465,0.02998442520421525,0.2638270796041171,0.2625456163017363,COMPLETE
22,0.12410768718185931,2022-10-19 13:16:26.607815,2022-10-19 13:17:27.477777,0 days 00:01:00.869962,None,smoteen,Plain,Sum,BorutaShap,100,9,0.17994491637992585,MultiClass,4,Min,,0.6791456061420279,GPU,False,"Pipeline(memory='Caching',
         steps=[('smote', SMOTEN(n_jobs=2, random_state=120)),
                ['feature_engine', FeatureEngineTransformer()],
                ['interval_encoding', IntervalDataTransformer()],
                ['binary_encoding', BinaryDataTransformer()],
                ['ordinal_encoding', OrdinalDataTransformer()],
                ['contrast_data',
                 SumEncoder(cols=['Fruitveg_ytd', 'Number_people_household',
                                  'Sports_in_wee...
                                       'Timestamp_day_of_week',
                                       'Timestamp_day_of_month',
                                       'Timestamp_day_of_year',
                                       'Birth_Date_month', 'Birth_Date_quarter',
                                       'Birth_Date_week',
                                       'Birth_Date_day_of_week',
                                       'Birth_Date_day_of_month',
                                       'Birth_Date_day_of_year'],
                                 drop_invariant=True)],
                ('featureselection',
                 FeatureSelectionTransformer(method='BorutaShap',
                                             model=<catboost.core.CatBoostClassifier object at 0x00000170B1094880>))])",smoteen,no,Sum,,BorutaShap,,no,0.42660421695030865,0.2132285865712913,0.14702881768285533,0.3247002308642392,0.42660421695030865,0.2584633241737485,0.12410768718185931,0.031005236305524517,0.27129553480531515,0.2584633241737485,COMPLETE
23,0.2872642111199613,2022-10-19 13:17:27.675859,2022-10-19 13:17:42.530539,0 days 00:00:14.854680,None,smoteen,Plain,Helmert,FeatureWiz,100,9,0.24539254033919658,MultiClass,4,Min,,0.17015794663978873,GPU,False,"Pipeline(memory='Caching',
         steps=[('smote', SMOTEN(n_jobs=2, random_state=120)),
                ['feature_engine', FeatureEngineTransformer()],
                ['interval_encoding', IntervalDataTransformer()],
                ['binary_encoding', BinaryDataTransformer()],
                ['ordinal_encoding', OrdinalDataTransformer()],
                ['contrast_data',
                 HelmertEncoder(cols=['Fruitveg_ytd', 'Number_people_household',
                                      'Sports_in...
                                       'Timestamp_day_of_week',
                                       'Timestamp_day_of_month',
                                       'Timestamp_day_of_year',
                                       'Birth_Date_month', 'Birth_Date_quarter',
                                       'Birth_Date_week',
                                       'Birth_Date_day_of_week',
                                       'Birth_Date_day_of_month',
                                       'Birth_Date_day_of_year'],
                                 drop_invariant=True)],
                ('featureselection',
                 FeatureSelectionTransformer(method='FeatureWiz',
                                             model=<catboost.core.CatBoostClassifier object at 0x00000170B10978B0>))])",smoteen,no,Helmert,,FeatureWiz,,no,0.640620465452125,0.6368335731327232,0.5186314741918274,0.6709865437261691,0.640620465452125,0.2920410414494462,0.2872642111199613,0.07398677940295194,0.2912917049476464,0.2920410414494462,COMPLETE
24,0.24666263389667645,2022-10-19 13:17:42.710820,2022-10-19 13:18:11.519289,0 days 00:00:28.808469,None,smoteen,Plain,Helmert,Lasso,100,3,0.19268341193292662,MultiClass,5,Min,1.0,0.25243088070934094,GPU,False,"Pipeline(memory='Caching',
         steps=[('smote', SMOTEN(n_jobs=2, random_state=120)),
                ['feature_engine', FeatureEngineTransformer()],
                ['interval_encoding', IntervalDataTransformer()],
                ['binary_encoding', BinaryDataTransformer()],
                ['ordinal_encoding', OrdinalDataTransformer()],
                ['contrast_data',
                 HelmertEncoder(cols=['Fruitveg_ytd', 'Number_people_household',
                                      'Sports_in...
                                       'Timestamp_day_of_week',
                                       'Timestamp_day_of_month',
                                       'Timestamp_day_of_year',
                                       'Birth_Date_month', 'Birth_Date_quarter',
                                       'Birth_Date_week',
                                       'Birth_Date_day_of_week',
                                       'Birth_Date_day_of_month',
                                       'Birth_Date_day_of_year'],
                                 drop_invariant=True)],
                ('featureselection',
                 FeatureSelectionTransformer(method='Lasso',
                                             model=<catboost.core.CatBoostClassifier object at 0x00000170AA8FB400>,
                                             number=1))])",smoteen,no,Helmert,,Lasso,1.0,no,0.465958823955323,0.47705984388122213,0.2980379227869114,0.51007872844225,0.465958823955323,0.25279147211266756,0.24666263389667645,0.0416238561659706,0.24305489910722197,0.25279147211266756,COMPLETE
25,0.27805591223655485,2022-10-19 13:18:11.726565,2022-10-19 13:18:23.375366,0 days 00:00:11.648801,SqrtBalanced,no,Plain,Sum,ANOVA,100,4,0.16373624656736804,MultiClass,5,Min,1.0,1.174410530751406,GPU,False,"Pipeline(memory='Caching',
         steps=[['feature_engine', FeatureEngineTransformer()],
                ['interval_encoding', IntervalDataTransformer()],
                ['binary_encoding', BinaryDataTransformer()],
                ['ordinal_encoding', OrdinalDataTransformer()],
                ['contrast_data',
                 SumEncoder(cols=['Fruitveg_ytd', 'Number_people_household',
                                  'Sports_in_week', 'Internet_in_week',
                                  'Tired_in_week', 'Conce...
                                       'Timestamp_day_of_week',
                                       'Timestamp_day_of_month',
                                       'Timestamp_day_of_year',
                                       'Birth_Date_month', 'Birth_Date_quarter',
                                       'Birth_Date_week',
                                       'Birth_Date_day_of_week',
                                       'Birth_Date_day_of_month',
                                       'Birth_Date_day_of_year'],
                                 drop_invariant=True)],
                ('featureselection',
                 FeatureSelectionTransformer(method='ANOVA',
                                             model=<catboost.core.CatBoostClassifier object at 0x00000170B1095690>,
                                             number=1))])",no,no,Sum,,ANOVA,1.0,no,0.3600353863267613,0.3616018147248213,0.20164114292189791,0.463400907364744,0.3600353863267613,0.27825405730087494,0.27805591223655485,0.11361726558819989,0.4031553601066224,0.27825405730087494,COMPLETE
26,0.2684066312977664,2022-10-19 13:18:23.567045,2022-10-19 13:18:37.832039,0 days 00:00:14.264994,None,no,Plain,Backward Difference,Lasso,100,2,0.10457630067100715,MultiClass,5,Min,8.0,1.2951652952771042,GPU,False,"Pipeline(memory='Caching',
         steps=[['feature_engine', FeatureEngineTransformer()],
                ['interval_encoding', IntervalDataTransformer()],
                ['binary_encoding', BinaryDataTransformer()],
                ['ordinal_encoding', OrdinalDataTransformer()],
                ['contrast_data',
                 BackwardDifferenceEncoder(cols=['Fruitveg_ytd',
                                                 'Number_people_household',
                                                 'Sports_in_week',
                                                 'Internet_in_week',
                                                 'Tired_...
                                       'Timestamp_day_of_week',
                                       'Timestamp_day_of_month',
                                       'Timestamp_day_of_year',
                                       'Birth_Date_month', 'Birth_Date_quarter',
                                       'Birth_Date_week',
                                       'Birth_Date_day_of_week',
                                       'Birth_Date_day_of_month',
                                       'Birth_Date_day_of_year'],
                                 drop_invariant=True)],
                ('featureselection',
                 FeatureSelectionTransformer(method='Lasso',
                                             model=<catboost.core.CatBoostClassifier object at 0x00000170AA8D7640>,
                                             number=8))])",no,no,Backward Difference,,Lasso,8.0,no,0.57725930115636,0.6844653876531108,0.6150987703463434,0.9749335393600406,0.57725930115636,0.26887778231107484,0.2684066312977664,0.08811547038954713,0.4233440428380188,0.26887778231107484,COMPLETE
27,0.2638278893025468,2022-10-19 13:18:37.991954,2022-10-19 13:18:59.445659,0 days 00:00:21.453705,None,smoteen,Plain,Backward Difference,FeatureWiz,100,3,0.11433266710307903,MultiClass,7,Min,,0.1383290978186996,GPU,False,"Pipeline(memory='Caching',
         steps=[('smote', SMOTEN(n_jobs=2, random_state=120)),
                ['feature_engine', FeatureEngineTransformer()],
                ['interval_encoding', IntervalDataTransformer()],
                ['binary_encoding', BinaryDataTransformer()],
                ['ordinal_encoding', OrdinalDataTransformer()],
                ['contrast_data',
                 BackwardDifferenceEncoder(cols=['Fruitveg_ytd',
                                                 'Number_people_household'...
                                       'Timestamp_day_of_week',
                                       'Timestamp_day_of_month',
                                       'Timestamp_day_of_year',
                                       'Birth_Date_month', 'Birth_Date_quarter',
                                       'Birth_Date_week',
                                       'Birth_Date_day_of_week',
                                       'Birth_Date_day_of_month',
                                       'Birth_Date_day_of_year'],
                                 drop_invariant=True)],
                ('featureselection',
                 FeatureSelectionTransformer(method='FeatureWiz',
                                             model=<catboost.core.CatBoostClassifier object at 0x00000170AA8D5360>))])",smoteen,no,Backward Difference,,FeatureWiz,,no,0.7124239179859538,0.7214763599231139,0.6286221635409702,0.7526400221529282,0.7124239179859538,0.26762026459343885,0.2638278893025468,0.06844421033812749,0.2674338114340744,0.26762026459343885,COMPLETE
28,0.26743042784298215,2022-10-19 13:18:59.657137,2022-10-19 13:19:13.552404,0 days 00:00:13.895267,SqrtBalanced,smoteen,Plain,Sum,FeatureWiz,100,2,0.12812929097454526,MultiClass,5,Min,,0.1963214832911767,GPU,False,"Pipeline(memory='Caching',
         steps=[('smote', SMOTEN(n_jobs=2, random_state=120)),
                ['feature_engine', FeatureEngineTransformer()],
                ['interval_encoding', IntervalDataTransformer()],
                ['binary_encoding', BinaryDataTransformer()],
                ['ordinal_encoding', OrdinalDataTransformer()],
                ['contrast_data',
                 SumEncoder(cols=['Fruitveg_ytd', 'Number_people_household',
                                  'Sports_in_wee...
                                       'Timestamp_day_of_week',
                                       'Timestamp_day_of_month',
                                       'Timestamp_day_of_year',
                                       'Birth_Date_month', 'Birth_Date_quarter',
                                       'Birth_Date_week',
                                       'Birth_Date_day_of_week',
                                       'Birth_Date_day_of_month',
                                       'Birth_Date_day_of_year'],
                                 drop_invariant=True)],
                ('featureselection',
                 FeatureSelectionTransformer(method='FeatureWiz',
                                             model=<catboost.core.CatBoostClassifier object at 0x00000170AA8D4670>))])",smoteen,no,Sum,,FeatureWiz,,no,0.7084543610426058,0.6964551577922182,0.6117382075973115,0.7092692958103427,0.7084543610426058,0.2720780067092797,0.26743042784298215,0.07476046536847226,0.27023206245167886,0.2720780067092797,COMPLETE
29,0.2905908820785516,2022-10-19 13:19:13.728350,2022-10-19 13:19:27.540743,0 days 00:00:13.812393,None,smoteen,Plain,Polynomial,FeatureWiz,100,4,0.20924280158755262,MultiClass,5,Min,,0.4424271808681771,GPU,False,"Pipeline(memory='Caching',
         steps=[('smote', SMOTEN(n_jobs=2, random_state=120)),
                ['feature_engine', FeatureEngineTransformer()],
                ['interval_encoding', IntervalDataTransformer()],
                ['binary_encoding', BinaryDataTransformer()],
                ['ordinal_encoding', OrdinalDataTransformer()],
                ['contrast_data',
                 PolynomialEncoder(cols=['Fruitveg_ytd',
                                         'Number_people_household',
                                         'Sports...
                                       'Timestamp_day_of_week',
                                       'Timestamp_day_of_month',
                                       'Timestamp_day_of_year',
                                       'Birth_Date_month', 'Birth_Date_quarter',
                                       'Birth_Date_week',
                                       'Birth_Date_day_of_week',
                                       'Birth_Date_day_of_month',
                                       'Birth_Date_day_of_year'],
                                 drop_invariant=True)],
                ('featureselection',
                 FeatureSelectionTransformer(method='FeatureWiz',
                                             model=<catboost.core.CatBoostClassifier object at 0x00000170B1094E80>))])",smoteen,no,Polynomial,,FeatureWiz,,no,0.7602584402187534,0.7503716913449239,0.6753045124171179,0.7599126246977789,0.7602584402187534,0.29646610604892937,0.2905908820785516,0.08243386005907992,0.3030775515445779,0.29646610604892937,COMPLETE
30,0.26180424650185724,2022-10-19 13:19:27.764590,2022-10-19 13:19:49.880477,0 days 00:00:22.115887,None,smoteen,Plain,Sum,Lasso,100,7,0.2871847761374774,MultiClass,4,Min,9.0,0.3471761875899666,GPU,False,"Pipeline(memory='Caching',
         steps=[('smote', SMOTEN(n_jobs=2, random_state=120)),
                ['feature_engine', FeatureEngineTransformer()],
                ['interval_encoding', IntervalDataTransformer()],
                ['binary_encoding', BinaryDataTransformer()],
                ['ordinal_encoding', OrdinalDataTransformer()],
                ['contrast_data',
                 SumEncoder(cols=['Fruitveg_ytd', 'Number_people_household',
                                  'Sports_in_wee...
                                       'Timestamp_day_of_week',
                                       'Timestamp_day_of_month',
                                       'Timestamp_day_of_year',
                                       'Birth_Date_month', 'Birth_Date_quarter',
                                       'Birth_Date_week',
                                       'Birth_Date_day_of_week',
                                       'Birth_Date_day_of_month',
                                       'Birth_Date_day_of_year'],
                                 drop_invariant=True)],
                ('featureselection',
                 FeatureSelectionTransformer(method='Lasso',
                                             model=<catboost.core.CatBoostClassifier object at 0x00000170B107E4D0>,
                                             number=9))])",smoteen,no,Sum,,Lasso,9.0,no,0.5644873806929587,0.5794262029871861,0.44918856590429773,0.6391769930589897,0.5644873806929587,0.27478427608476563,0.26180424650185724,0.07112588032073729,0.27765288948544736,0.27478427608476563,COMPLETE
31,0.17923765650640008,2022-10-19 13:19:50.061597,2022-10-19 13:20:01.007567,0 days 00:00:10.945970,None,smoteen,Plain,Polynomial,ANOVA,100,4,0.20844820434881117,MultiClass,5,Min,9.0,0.4425746273639697,GPU,False,"Pipeline(memory='Caching',
         steps=[('smote', SMOTEN(n_jobs=2, random_state=120)),
                ['feature_engine', FeatureEngineTransformer()],
                ['interval_encoding', IntervalDataTransformer()],
                ['binary_encoding', BinaryDataTransformer()],
                ['ordinal_encoding', OrdinalDataTransformer()],
                ['contrast_data',
                 PolynomialEncoder(cols=['Fruitveg_ytd',
                                         'Number_people_household',
                                         'Sports...
                                       'Timestamp_day_of_week',
                                       'Timestamp_day_of_month',
                                       'Timestamp_day_of_year',
                                       'Birth_Date_month', 'Birth_Date_quarter',
                                       'Birth_Date_week',
                                       'Birth_Date_day_of_week',
                                       'Birth_Date_day_of_month',
                                       'Birth_Date_day_of_year'],
                                 drop_invariant=True)],
                ('featureselection',
                 FeatureSelectionTransformer(method='ANOVA',
                                             model=<catboost.core.CatBoostClassifier object at 0x00000170B107D6C0>,
                                             number=9))])",smoteen,no,Polynomial,,ANOVA,9.0,no,0.38893299005223164,0.23448620705090573,0.16154760475155897,0.30098260535609167,0.38893299005223164,0.31757101584212966,0.17923765650640008,0.07918723340925544,0.2726099230147265,0.31757101584212966,COMPLETE
32,0.23556472633342915,2022-10-19 13:20:01.193210,2022-10-19 13:20:17.411193,0 days 00:00:16.217983,None,no,Plain,Sum,FeatureWiz,100,2,0.08599796476017242,MultiClass,4,Min,,0.22875702170413703,GPU,False,"Pipeline(memory='Caching',
         steps=[['feature_engine', FeatureEngineTransformer()],
                ['interval_encoding', IntervalDataTransformer()],
                ['binary_encoding', BinaryDataTransformer()],
                ['ordinal_encoding', OrdinalDataTransformer()],
                ['contrast_data',
                 SumEncoder(cols=['Fruitveg_ytd', 'Number_people_household',
                                  'Sports_in_week', 'Internet_in_week',
                                  'Tired_in_week', 'Conce...
                                       'Timestamp_day_of_week',
                                       'Timestamp_day_of_month',
                                       'Timestamp_day_of_year',
                                       'Birth_Date_month', 'Birth_Date_quarter',
                                       'Birth_Date_week',
                                       'Birth_Date_day_of_week',
                                       'Birth_Date_day_of_month',
                                       'Birth_Date_day_of_year'],
                                 drop_invariant=True)],
                ('featureselection',
                 FeatureSelectionTransformer(method='FeatureWiz',
                                             model=<catboost.core.CatBoostClassifier object at 0x00000170B107EAA0>))])",no,no,Sum,,FeatureWiz,,no,0.3190607717445953,0.3424567428397751,0.24084329556794493,0.7290825817194854,0.3190607717445953,0.25322676307478426,0.23556472633342915,0.08022692149452232,0.22427349592788845,0.25322676307478426,COMPLETE
33,0.2680888170180988,2022-10-19 13:20:17.600953,2022-10-19 13:20:32.198062,0 days 00:00:14.597109,Balanced,smoteen,Plain,Polynomial,FeatureWiz,100,2,0.22882511429409633,MultiClass,6,Min,,0.5874109089904633,GPU,False,"Pipeline(memory='Caching',
         steps=[('smote', SMOTEN(n_jobs=2, random_state=120)),
                ['feature_engine', FeatureEngineTransformer()],
                ['interval_encoding', IntervalDataTransformer()],
                ['binary_encoding', BinaryDataTransformer()],
                ['ordinal_encoding', OrdinalDataTransformer()],
                ['contrast_data',
                 PolynomialEncoder(cols=['Fruitveg_ytd',
                                         'Number_people_household',
                                         'Sports...
                                       'Timestamp_day_of_week',
                                       'Timestamp_day_of_month',
                                       'Timestamp_day_of_year',
                                       'Birth_Date_month', 'Birth_Date_quarter',
                                       'Birth_Date_week',
                                       'Birth_Date_day_of_week',
                                       'Birth_Date_day_of_month',
                                       'Birth_Date_day_of_year'],
                                 drop_invariant=True)],
                ('featureselection',
                 FeatureSelectionTransformer(method='FeatureWiz',
                                             model=<catboost.core.CatBoostClassifier object at 0x00000170AA9145E0>))])",smoteen,no,Polynomial,,FeatureWiz,,no,0.8847539357932503,0.8521708151148495,0.7952424765859184,0.8385772573723306,0.8847539357932503,0.2746616082626894,0.2680888170180988,0.06131109636605855,0.27828565726015064,0.2746616082626894,COMPLETE
34,0.31132672864957384,2022-10-19 13:20:32.365548,2022-10-19 13:20:50.864538,0 days 00:00:18.498990,None,smoteen,Plain,Polynomial,FeatureWiz,100,5,0.2615195867004685,MultiClass,5,Min,,0.7524507228848732,GPU,False,"Pipeline(memory='Caching',
         steps=[('smote', SMOTEN(n_jobs=2, random_state=120)),
                ['feature_engine', FeatureEngineTransformer()],
                ['interval_encoding', IntervalDataTransformer()],
                ['binary_encoding', BinaryDataTransformer()],
                ['ordinal_encoding', OrdinalDataTransformer()],
                ['contrast_data',
                 PolynomialEncoder(cols=['Fruitveg_ytd',
                                         'Number_people_household',
                                         'Sports...
                                       'Timestamp_day_of_week',
                                       'Timestamp_day_of_month',
                                       'Timestamp_day_of_year',
                                       'Birth_Date_month', 'Birth_Date_quarter',
                                       'Birth_Date_week',
                                       'Birth_Date_day_of_week',
                                       'Birth_Date_day_of_month',
                                       'Birth_Date_day_of_year'],
                                 drop_invariant=True)],
                ('featureselection',
                 FeatureSelectionTransformer(method='FeatureWiz',
                                             model=<catboost.core.CatBoostClassifier object at 0x00000170B107C3D0>))])",smoteen,no,Polynomial,,FeatureWiz,,no,0.7842292956489473,0.7596447919311998,0.6909379802977186,0.7613891719900128,0.7842292956489473,0.3128905246535805,0.31132672864957384,0.1069525739349277,0.37930366368617147,0.3128905246535805,COMPLETE
35,0.2868319925652864,2022-10-19 13:20:51.062408,2022-10-19 13:21:06.362904,0 days 00:00:15.300496,None,smoteen,Plain,Helmert,FeatureWiz,100,5,0.18656330343825392,MultiClass,5,Min,,2.0786649236826937,GPU,False,"Pipeline(memory='Caching',
         steps=[('smote', SMOTEN(n_jobs=2, random_state=120)),
                ['feature_engine', FeatureEngineTransformer()],
                ['interval_encoding', IntervalDataTransformer()],
                ['binary_encoding', BinaryDataTransformer()],
                ['ordinal_encoding', OrdinalDataTransformer()],
                ['contrast_data',
                 HelmertEncoder(cols=['Fruitveg_ytd', 'Number_people_household',
                                      'Sports_in...
                                       'Timestamp_day_of_week',
                                       'Timestamp_day_of_month',
                                       'Timestamp_day_of_year',
                                       'Birth_Date_month', 'Birth_Date_quarter',
                                       'Birth_Date_week',
                                       'Birth_Date_day_of_week',
                                       'Birth_Date_day_of_month',
                                       'Birth_Date_day_of_year'],
                                 drop_invariant=True)],
                ('featureselection',
                 FeatureSelectionTransformer(method='FeatureWiz',
                                             model=<catboost.core.CatBoostClassifier object at 0x00000170AA914760>))])",smoteen,no,Helmert,,FeatureWiz,,no,0.7050735774115592,0.6999681106751678,0.6132474368424411,0.7219678447957835,0.7050735774115592,0.295100166976442,0.2868319925652864,0.09231075205295414,0.29287528791862855,0.295100166976442,COMPLETE
36,0.28235364968381677,2022-10-19 13:21:06.537207,2022-10-19 13:21:24.241899,0 days 00:00:17.704692,None,smoteen,Plain,Sum,FeatureWiz,100,4,0.2041157202097574,MultiClass,4,Min,,0.9405281372313731,GPU,False,"Pipeline(memory='Caching',
         steps=[('smote', SMOTEN(n_jobs=2, random_state=120)),
                ['feature_engine', FeatureEngineTransformer()],
                ['interval_encoding', IntervalDataTransformer()],
                ['binary_encoding', BinaryDataTransformer()],
                ['ordinal_encoding', OrdinalDataTransformer()],
                ['contrast_data',
                 SumEncoder(cols=['Fruitveg_ytd', 'Number_people_household',
                                  'Sports_in_wee...
                                       'Timestamp_day_of_week',
                                       'Timestamp_day_of_month',
                                       'Timestamp_day_of_year',
                                       'Birth_Date_month', 'Birth_Date_quarter',
                                       'Birth_Date_week',
                                       'Birth_Date_day_of_week',
                                       'Birth_Date_day_of_month',
                                       'Birth_Date_day_of_year'],
                                 drop_invariant=True)],
                ('featureselection',
                 FeatureSelectionTransformer(method='FeatureWiz',
                                             model=<catboost.core.CatBoostClassifier object at 0x00000170A9818160>))])",smoteen,no,Sum,,FeatureWiz,,no,0.7005845477366112,0.6820845693937629,0.6040563172186555,0.6996421899723647,0.7005845477366112,0.29469821463650514,0.28235364968381677,0.09967713378787757,0.28432110450401,0.29469821463650514,COMPLETE
37,0.1482577408851505,2022-10-19 13:21:24.428882,2022-10-19 13:21:39.075644,0 days 00:00:14.646762,Balanced,smoteen,Plain,Backward Difference,ANOVA,100,3,0.10147226816946849,MultiClass,8,Min,9.0,0.8245943268907135,GPU,False,"Pipeline(memory='Caching',
         steps=[('smote', SMOTEN(n_jobs=2, random_state=120)),
                ['feature_engine', FeatureEngineTransformer()],
                ['interval_encoding', IntervalDataTransformer()],
                ['binary_encoding', BinaryDataTransformer()],
                ['ordinal_encoding', OrdinalDataTransformer()],
                ['contrast_data',
                 BackwardDifferenceEncoder(cols=['Fruitveg_ytd',
                                                 'Number_people_household'...
                                       'Timestamp_day_of_week',
                                       'Timestamp_day_of_month',
                                       'Timestamp_day_of_year',
                                       'Birth_Date_month', 'Birth_Date_quarter',
                                       'Birth_Date_week',
                                       'Birth_Date_day_of_week',
                                       'Birth_Date_day_of_month',
                                       'Birth_Date_day_of_year'],
                                 drop_invariant=True)],
                ('featureselection',
                 FeatureSelectionTransformer(method='ANOVA',
                                             model=<catboost.core.CatBoostClassifier object at 0x00000170AAB6DF60>,
                                             number=9))])",smoteen,no,Backward Difference,,ANOVA,9.0,no,0.3590858797571883,0.20089689886558806,0.13494534590136542,0.31520037864562767,0.3590858797571883,0.28368896467631677,0.1482577408851505,0.05058315958213888,0.2773551184770894,0.28368896467631677,COMPLETE
38,0.18088163359618958,2022-10-19 13:21:39.240251,2022-10-19 13:21:54.277667,0 days 00:00:15.037416,None,smoteen,Plain,Backward Difference,ANOVA,100,6,0.2988279191004665,MultiClass,4,Min,7.0,0.6361004744769971,GPU,False,"Pipeline(memory='Caching',
         steps=[('smote', SMOTEN(n_jobs=2, random_state=120)),
                ['feature_engine', FeatureEngineTransformer()],
                ['interval_encoding', IntervalDataTransformer()],
                ['binary_encoding', BinaryDataTransformer()],
                ['ordinal_encoding', OrdinalDataTransformer()],
                ['contrast_data',
                 BackwardDifferenceEncoder(cols=['Fruitveg_ytd',
                                                 'Number_people_household'...
                                       'Timestamp_day_of_week',
                                       'Timestamp_day_of_month',
                                       'Timestamp_day_of_year',
                                       'Birth_Date_month', 'Birth_Date_quarter',
                                       'Birth_Date_week',
                                       'Birth_Date_day_of_week',
                                       'Birth_Date_day_of_month',
                                       'Birth_Date_day_of_year'],
                                 drop_invariant=True)],
                ('featureselection',
                 FeatureSelectionTransformer(method='ANOVA',
                                             model=<catboost.core.CatBoostClassifier object at 0x00000170AAB6C940>,
                                             number=7))])",smoteen,no,Backward Difference,,ANOVA,7.0,no,0.4082267729757502,0.27015895864672684,0.21469609996783726,0.33487198468938817,0.4082267729757502,0.2578445436539072,0.18088163359618958,0.04582868777885429,0.265273643707205,0.2578445436539072,COMPLETE
39,0.27024434412644954,2022-10-19 13:21:54.453341,2022-10-19 13:22:02.203425,0 days 00:00:07.750084,None,no,Plain,Helmert,FeatureImportance_ET,100,3,0.24262266507682212,MultiClass,5,Min,12.0,1.053479041549311,GPU,False,"Pipeline(memory='Caching',
         steps=[['feature_engine', FeatureEngineTransformer()],
                ['interval_encoding', IntervalDataTransformer()],
                ['binary_encoding', BinaryDataTransformer()],
                ['ordinal_encoding', OrdinalDataTransformer()],
                ['contrast_data',
                 HelmertEncoder(cols=['Fruitveg_ytd', 'Number_people_household',
                                      'Sports_in_week', 'Internet_in_week',
                                      'Tired_in_week', 'C...
                                       'Timestamp_day_of_month',
                                       'Timestamp_day_of_year',
                                       'Birth_Date_month', 'Birth_Date_quarter',
                                       'Birth_Date_week',
                                       'Birth_Date_day_of_week',
                                       'Birth_Date_day_of_month',
                                       'Birth_Date_day_of_year'],
                                 drop_invariant=True)],
                ('featureselection',
                 FeatureSelectionTransformer(method='FeatureImportance_ET',
                                             model=<catboost.core.CatBoostClassifier object at 0x00000170A981B370>,
                                             number=12))])",no,no,Helmert,,FeatureImportance_ET,12.0,no,0.4401276760114315,0.520356558302972,0.4564455224951682,0.9173983616279068,0.4401276760114315,0.27590118167943545,0.27024434412644954,0.10955833156779442,0.29484843317508264,0.27590118167943545,COMPLETE
