number,value,datetime_start,datetime_complete,duration,params_C,params_balancing,params_class_weight,params_cluster_indicator,params_contrast_method,params_damping,params_dual,params_feature_selection,params_max_iter,params_n_jobs,params_number_features,params_penalty,params_solver,user_attrs_Pipeline,user_attrs_balancing_indicator,user_attrs_cluster_indicator,user_attrs_contrast_encoding_method,user_attrs_damping,user_attrs_feature_selection,user_attrs_number_features,user_attrs_scaling_indicator,user_attrs_train_balanced_accuracy,user_attrs_train_f1_score,user_attrs_train_matthews_corrcoef,user_attrs_train_precision_score,user_attrs_train_recall_score,user_attrs_val_balanced_accuracy,user_attrs_val_f1_score,user_attrs_val_matthews_corrcoef,user_attrs_val_precision_score,user_attrs_val_recall_score,state
0,0.22859158516980416,2022-10-18 19:07:32.669850,2022-10-18 19:07:44.329915,0 days 00:00:11.660065,0.05150177448402826,no,None,yes,Helmert,0.5235524036146038,False,ANOVA,100000,2,5.0,l1,saga,"Pipeline(memory='Caching',
         steps=[['feature_engine', FeatureEngineTransformer()],
                ['interval_encoding', IntervalDataTransformer()],
                ['binary_encoding', BinaryDataTransformer()],
                ['ordinal_encoding', OrdinalDataTransformer()],
                ['contrast_data',
                 HelmertEncoder(cols=['Fruitveg_ytd', 'Number_people_household',
                                      'Sports_in_week', 'Internet_in_week',
                                      'Tired_in_week', 'C...
                                             'Birth_Date_day_of_month',
                                             'Birth_Date_day_of_year'])],
                ('scaling', ScalingTransformer()),
                ('featureselection',
                 FeatureSelectionTransformer(cluster_indicator='yes',
                                             damping=0.5235524036146038,
                                             method='ANOVA',
                                             model=LogisticRegression(C=0.05150177448402826,
                                                                      max_iter=100000,
                                                                      n_jobs=2,
                                                                      penalty='l1',
                                                                      random_state=120,
                                                                      solver='saga'),
                                             number=5,
                                             scaling_indicator='yes'))])",no,yes,Helmert,0.5235524036146038,ANOVA,5.0,yes,0.25,0.22859163282347905,0.0,0.21056069848744294,0.25,0.25,0.22859158516980416,0.0,0.21056091707516342,0.25,COMPLETE
1,0.22859158516980416,2022-10-18 19:07:44.483451,2022-10-18 19:08:15.542563,0 days 00:00:31.059112,0.0006747040110209366,no,None,yes,Backward Difference,0.5352765817598604,False,BorutaShap,100000,2,,l1,saga,"Pipeline(memory='Caching',
         steps=[['feature_engine', FeatureEngineTransformer()],
                ['interval_encoding', IntervalDataTransformer()],
                ['binary_encoding', BinaryDataTransformer()],
                ['ordinal_encoding', OrdinalDataTransformer()],
                ['contrast_data',
                 BackwardDifferenceEncoder(cols=['Fruitveg_ytd',
                                                 'Number_people_household',
                                                 'Sports_in_week',
                                                 'Internet_in_week',
                                                 'Tired_...
                                             'Birth_Date_day_of_month',
                                             'Birth_Date_day_of_year'])],
                ('scaling', ScalingTransformer()),
                ('featureselection',
                 FeatureSelectionTransformer(cluster_indicator='yes',
                                             damping=0.5352765817598604,
                                             method='BorutaShap',
                                             model=LogisticRegression(C=0.0006747040110209366,
                                                                      max_iter=100000,
                                                                      n_jobs=2,
                                                                      penalty='l1',
                                                                      random_state=120,
                                                                      solver='saga'),
                                             scaling_indicator='yes'))])",no,yes,Backward Difference,0.5352765817598604,BorutaShap,,yes,0.25,0.22859163282347905,0.0,0.21056069848744294,0.25,0.25,0.22859158516980416,0.0,0.21056091707516342,0.25,COMPLETE
2,0.03571365832235397,2022-10-18 19:08:15.704174,2022-10-18 19:09:02.261400,0 days 00:00:46.557226,0.002278283524056198,smoteen,None,no,Polynomial,,False,Lasso,100000,2,20.0,l1,saga,"Pipeline(memory='Caching',
         steps=[('smote', SMOTEN(n_jobs=2, random_state=120)),
                ['feature_engine', FeatureEngineTransformer()],
                ['interval_encoding', IntervalDataTransformer()],
                ['binary_encoding', BinaryDataTransformer()],
                ['ordinal_encoding', OrdinalDataTransformer()],
                ['contrast_data',
                 PolynomialEncoder(cols=['Fruitveg_ytd',
                                         'Number_people_household',
                                         'Sports...
                                             'Birth_Date_quarter',
                                             'Birth_Date_week',
                                             'Birth_Date_day_of_week',
                                             'Birth_Date_day_of_month',
                                             'Birth_Date_day_of_year'])],
                ('scaling', ScalingTransformer()),
                ('featureselection',
                 FeatureSelectionTransformer(method='Lasso',
                                             model=LogisticRegression(C=0.002278283524056198,
                                                                      max_iter=100000,
                                                                      n_jobs=2,
                                                                      penalty='l1',
                                                                      random_state=120,
                                                                      solver='saga'),
                                             number=20,
                                             scaling_indicator='yes'))])",smoteen,no,Polynomial,,Lasso,20.0,yes,0.25,0.03571412858164219,0.0,0.01923089173597521,0.25,0.25,0.03571365832235397,0.0,0.0192312602124183,0.25,COMPLETE
3,0.1954596206253811,2022-10-18 19:09:02.428445,2022-10-18 19:13:46.548194,0 days 00:04:44.119749,0.06684068956142528,no,balanced,no,Helmert,,False,FeatureWiz,100000,2,,l1,saga,"Pipeline(memory='Caching',
         steps=[['feature_engine', FeatureEngineTransformer()],
                ['interval_encoding', IntervalDataTransformer()],
                ['binary_encoding', BinaryDataTransformer()],
                ['ordinal_encoding', OrdinalDataTransformer()],
                ['contrast_data',
                 HelmertEncoder(cols=['Fruitveg_ytd', 'Number_people_household',
                                      'Sports_in_week', 'Internet_in_week',
                                      'Tired_in_week', 'C...
                                             'Birth_Date_week',
                                             'Birth_Date_day_of_week',
                                             'Birth_Date_day_of_month',
                                             'Birth_Date_day_of_year'])],
                ('scaling', ScalingTransformer()),
                ('featureselection',
                 FeatureSelectionTransformer(method='FeatureWiz',
                                             model=LogisticRegression(C=0.06684068956142528,
                                                                      class_weight='balanced',
                                                                      max_iter=100000,
                                                                      n_jobs=2,
                                                                      penalty='l1',
                                                                      random_state=120,
                                                                      solver='saga'),
                                             scaling_indicator='yes'))])",no,no,Helmert,,FeatureWiz,,yes,0.48373041267588474,0.289709266802249,0.17856606826091814,0.3550772208700983,0.48373041267588474,0.29986267887634677,0.1954596206253811,0.026753477373603427,0.27591018748586943,0.29986267887634677,COMPLETE
4,0.20509630426409897,2022-10-18 19:13:46.740832,2022-10-18 19:14:19.368151,0 days 00:00:32.627319,0.7241546454568896,smoteen,balanced,yes,Helmert,0.8428654339138596,False,MutualInformation,100000,2,15.0,l1,saga,"Pipeline(memory='Caching',
         steps=[('smote', SMOTEN(n_jobs=2, random_state=120)),
                ['feature_engine', FeatureEngineTransformer()],
                ['interval_encoding', IntervalDataTransformer()],
                ['binary_encoding', BinaryDataTransformer()],
                ['ordinal_encoding', OrdinalDataTransformer()],
                ['contrast_data',
                 HelmertEncoder(cols=['Fruitveg_ytd', 'Number_people_household',
                                      'Sports_in...
                                             'Birth_Date_day_of_year'])],
                ('scaling', ScalingTransformer()),
                ('featureselection',
                 FeatureSelectionTransformer(cluster_indicator='yes',
                                             damping=0.8428654339138596,
                                             method='MutualInformation',
                                             model=LogisticRegression(C=0.7241546454568896,
                                                                      class_weight='balanced',
                                                                      max_iter=100000,
                                                                      n_jobs=2,
                                                                      penalty='l1',
                                                                      random_state=120,
                                                                      solver='saga'),
                                             number=15,
                                             scaling_indicator='yes'))])",smoteen,yes,Helmert,0.8428654339138596,MutualInformation,15.0,yes,0.35195285970194834,0.3558056147198707,0.1482167073313417,0.36346881252999647,0.35195285970194834,0.31470894343956357,0.20509630426409897,0.08667570810282738,0.26955219401249514,0.31470894343956357,COMPLETE
5,0.2895449762792989,2022-10-18 19:14:19.546170,2022-10-18 19:15:00.839822,0 days 00:00:41.293652,0.6666847750735153,smoteen,None,yes,Helmert,0.6951400206780846,False,Lasso,100000,2,25.0,l1,saga,"Pipeline(memory='Caching',
         steps=[('smote', SMOTEN(n_jobs=2, random_state=120)),
                ['feature_engine', FeatureEngineTransformer()],
                ['interval_encoding', IntervalDataTransformer()],
                ['binary_encoding', BinaryDataTransformer()],
                ['ordinal_encoding', OrdinalDataTransformer()],
                ['contrast_data',
                 HelmertEncoder(cols=['Fruitveg_ytd', 'Number_people_household',
                                      'Sports_in...
                                             'Birth_Date_day_of_month',
                                             'Birth_Date_day_of_year'])],
                ('scaling', ScalingTransformer()),
                ('featureselection',
                 FeatureSelectionTransformer(cluster_indicator='yes',
                                             damping=0.6951400206780846,
                                             method='Lasso',
                                             model=LogisticRegression(C=0.6666847750735153,
                                                                      max_iter=100000,
                                                                      n_jobs=2,
                                                                      penalty='l1',
                                                                      random_state=120,
                                                                      solver='saga'),
                                             number=25,
                                             scaling_indicator='yes'))])",smoteen,yes,Helmert,0.6951400206780846,Lasso,25.0,yes,0.40719745303968674,0.4137329424693194,0.23282639828331528,0.4324156472236287,0.40719745303968674,0.2859663797903292,0.2895449762792989,0.06840783735029828,0.30928647749795224,0.2859663797903292,COMPLETE
6,0.22859158516980416,2022-10-18 19:15:01.006167,2022-10-18 19:15:04.536841,0 days 00:00:03.530674,0.0959718160720016,no,None,no,Backward Difference,,False,FeatureImportance_ET,100000,2,12.0,l1,saga,"Pipeline(memory='Caching',
         steps=[['feature_engine', FeatureEngineTransformer()],
                ['interval_encoding', IntervalDataTransformer()],
                ['binary_encoding', BinaryDataTransformer()],
                ['ordinal_encoding', OrdinalDataTransformer()],
                ['contrast_data',
                 BackwardDifferenceEncoder(cols=['Fruitveg_ytd',
                                                 'Number_people_household',
                                                 'Sports_in_week',
                                                 'Internet_in_week',
                                                 'Tired_...
                                             'Birth_Date_week',
                                             'Birth_Date_day_of_week',
                                             'Birth_Date_day_of_month',
                                             'Birth_Date_day_of_year'])],
                ('scaling', ScalingTransformer()),
                ('featureselection',
                 FeatureSelectionTransformer(method='FeatureImportance_ET',
                                             model=LogisticRegression(C=0.0959718160720016,
                                                                      max_iter=100000,
                                                                      n_jobs=2,
                                                                      penalty='l1',
                                                                      random_state=120,
                                                                      solver='saga'),
                                             number=12,
                                             scaling_indicator='yes'))])",no,no,Backward Difference,,FeatureImportance_ET,12.0,yes,0.25,0.22859163282347905,0.0,0.21056069848744294,0.25,0.25,0.22859158516980416,0.0,0.21056091707516342,0.25,COMPLETE
7,0.16458961587844134,2022-10-18 19:15:04.752061,2022-10-18 19:15:22.660269,0 days 00:00:17.908208,0.00012538696077263878,smoteen,balanced,no,Backward Difference,,False,FeatureWiz,100000,2,,l1,saga,"Pipeline(memory='Caching',
         steps=[('smote', SMOTEN(n_jobs=2, random_state=120)),
                ['feature_engine', FeatureEngineTransformer()],
                ['interval_encoding', IntervalDataTransformer()],
                ['binary_encoding', BinaryDataTransformer()],
                ['ordinal_encoding', OrdinalDataTransformer()],
                ['contrast_data',
                 BackwardDifferenceEncoder(cols=['Fruitveg_ytd',
                                                 'Number_people_household'...
                                             'Birth_Date_day_of_week',
                                             'Birth_Date_day_of_month',
                                             'Birth_Date_day_of_year'])],
                ('scaling', ScalingTransformer()),
                ('featureselection',
                 FeatureSelectionTransformer(method='FeatureWiz',
                                             model=LogisticRegression(C=0.00012538696077263878,
                                                                      class_weight='balanced',
                                                                      max_iter=100000,
                                                                      n_jobs=2,
                                                                      penalty='l1',
                                                                      random_state=120,
                                                                      solver='saga'),
                                             scaling_indicator='yes'))])",smoteen,no,Backward Difference,,FeatureWiz,,yes,0.25,0.16415362214343013,0.0,0.1466337578481735,0.25,0.25,0.16458961587844134,0.0,0.14708435457516342,0.25,COMPLETE
8,0.22923318869705625,2022-10-18 19:15:22.803368,2022-10-18 19:15:53.038111,0 days 00:00:30.234743,0.0031779503172128533,smoteen,None,yes,Backward Difference,0.5163270155649644,False,MutualInformation,100000,2,14.0,l2,saga,"Pipeline(memory='Caching',
         steps=[('smote', SMOTEN(n_jobs=2, random_state=120)),
                ['feature_engine', FeatureEngineTransformer()],
                ['interval_encoding', IntervalDataTransformer()],
                ['binary_encoding', BinaryDataTransformer()],
                ['ordinal_encoding', OrdinalDataTransformer()],
                ['contrast_data',
                 BackwardDifferenceEncoder(cols=['Fruitveg_ytd',
                                                 'Number_people_household'...
                                             'Birth_Date_day_of_month',
                                             'Birth_Date_day_of_year'])],
                ('scaling', ScalingTransformer()),
                ('featureselection',
                 FeatureSelectionTransformer(cluster_indicator='yes',
                                             damping=0.5163270155649644,
                                             method='MutualInformation',
                                             model=LogisticRegression(C=0.0031779503172128533,
                                                                      max_iter=100000,
                                                                      n_jobs=2,
                                                                      random_state=120,
                                                                      solver='saga'),
                                             number=14,
                                             scaling_indicator='yes'))])",smoteen,yes,Backward Difference,0.5163270155649644,MutualInformation,14.0,yes,0.34660481858390363,0.33908962470593035,0.10631620417020231,0.3376987058219765,0.34660481858390363,0.2638140894872841,0.22923318869705625,0.02448840332242455,0.28173100533671674,0.2638140894872841,COMPLETE
9,0.15997500775961518,2022-10-18 19:15:53.228243,2022-10-18 19:16:01.880870,0 days 00:00:08.652627,0.00039369746337152126,no,balanced,yes,Polynomial,0.7008215640787134,False,FeatureImportance_ET,100000,2,12.0,l1,saga,"Pipeline(memory='Caching',
         steps=[['feature_engine', FeatureEngineTransformer()],
                ['interval_encoding', IntervalDataTransformer()],
                ['binary_encoding', BinaryDataTransformer()],
                ['ordinal_encoding', OrdinalDataTransformer()],
                ['contrast_data',
                 PolynomialEncoder(cols=['Fruitveg_ytd',
                                         'Number_people_household',
                                         'Sports_in_week', 'Internet_in_week',
                                         'Tired_in_week'...
                                             'Birth_Date_day_of_year'])],
                ('scaling', ScalingTransformer()),
                ('featureselection',
                 FeatureSelectionTransformer(cluster_indicator='yes',
                                             damping=0.7008215640787134,
                                             method='FeatureImportance_ET',
                                             model=LogisticRegression(C=0.00039369746337152126,
                                                                      class_weight='balanced',
                                                                      max_iter=100000,
                                                                      n_jobs=2,
                                                                      penalty='l1',
                                                                      random_state=120,
                                                                      solver='saga'),
                                             number=12,
                                             scaling_indicator='yes'))])",no,yes,Polynomial,0.7008215640787134,FeatureImportance_ET,12.0,yes,0.25,0.16010907216604434,0.0,0.14435065282534246,0.25,0.25,0.15997500775961518,0.0,0.14448018790849673,0.25,COMPLETE
10,0.2779265629057747,2022-10-18 19:16:02.052674,2022-10-18 19:16:35.203961,0 days 00:00:33.151287,0.6876344441858409,smoteen,None,yes,Helmert,0.7947618836547605,False,FeatureWiz,100000,2,,l1,saga,"Pipeline(memory='Caching',
         steps=[('smote', SMOTEN(n_jobs=2, random_state=120)),
                ['feature_engine', FeatureEngineTransformer()],
                ['interval_encoding', IntervalDataTransformer()],
                ['binary_encoding', BinaryDataTransformer()],
                ['ordinal_encoding', OrdinalDataTransformer()],
                ['contrast_data',
                 HelmertEncoder(cols=['Fruitveg_ytd', 'Number_people_household',
                                      'Sports_in...
                                             'Birth_Date_day_of_week',
                                             'Birth_Date_day_of_month',
                                             'Birth_Date_day_of_year'])],
                ('scaling', ScalingTransformer()),
                ('featureselection',
                 FeatureSelectionTransformer(cluster_indicator='yes',
                                             damping=0.7947618836547605,
                                             method='FeatureWiz',
                                             model=LogisticRegression(C=0.6876344441858409,
                                                                      max_iter=100000,
                                                                      n_jobs=2,
                                                                      penalty='l1',
                                                                      random_state=120,
                                                                      solver='saga'),
                                             scaling_indicator='yes'))])",smoteen,yes,Helmert,0.7947618836547605,FeatureWiz,,yes,0.46351818383114907,0.509250722209121,0.3498621667340416,0.6131070513485118,0.46351818383114907,0.2947618696828203,0.2779265629057747,0.09196477247857497,0.2951764059133775,0.2947618696828203,COMPLETE
11,0.2762757162561378,2022-10-18 19:16:35.373056,2022-10-18 19:17:23.475811,0 days 00:00:48.102755,0.38767862589187696,smoteen,None,yes,Sum,0.8172516217804174,False,Lasso,100000,2,12.0,l1,saga,"Pipeline(memory='Caching',
         steps=[('smote', SMOTEN(n_jobs=2, random_state=120)),
                ['feature_engine', FeatureEngineTransformer()],
                ['interval_encoding', IntervalDataTransformer()],
                ['binary_encoding', BinaryDataTransformer()],
                ['ordinal_encoding', OrdinalDataTransformer()],
                ['contrast_data',
                 SumEncoder(cols=['Fruitveg_ytd', 'Number_people_household',
                                  'Sports_in_wee...
                                             'Birth_Date_day_of_month',
                                             'Birth_Date_day_of_year'])],
                ('scaling', ScalingTransformer()),
                ('featureselection',
                 FeatureSelectionTransformer(cluster_indicator='yes',
                                             damping=0.8172516217804174,
                                             method='Lasso',
                                             model=LogisticRegression(C=0.38767862589187696,
                                                                      max_iter=100000,
                                                                      n_jobs=2,
                                                                      penalty='l1',
                                                                      random_state=120,
                                                                      solver='saga'),
                                             number=12,
                                             scaling_indicator='yes'))])",smoteen,yes,Sum,0.8172516217804174,Lasso,12.0,yes,0.3571338624677403,0.35854222833406,0.17430955134154422,0.37725354824551144,0.3571338624677403,0.2781467402106937,0.2762757162561378,0.062104200300285295,0.31135618545905624,0.2781467402106937,COMPLETE
12,0.26456970990323464,2022-10-18 19:17:23.650566,2022-10-18 19:17:38.338948,0 days 00:00:14.688382,0.7942685367134228,smoteen,None,no,Helmert,,False,FeatureWiz,100000,2,,l1,saga,"Pipeline(memory='Caching',
         steps=[('smote', SMOTEN(n_jobs=2, random_state=120)),
                ['feature_engine', FeatureEngineTransformer()],
                ['interval_encoding', IntervalDataTransformer()],
                ['binary_encoding', BinaryDataTransformer()],
                ['ordinal_encoding', OrdinalDataTransformer()],
                ['contrast_data',
                 HelmertEncoder(cols=['Fruitveg_ytd', 'Number_people_household',
                                      'Sports_in...
                                             'Birth_Date_quarter',
                                             'Birth_Date_week',
                                             'Birth_Date_day_of_week',
                                             'Birth_Date_day_of_month',
                                             'Birth_Date_day_of_year'])],
                ('scaling', ScalingTransformer()),
                ('featureselection',
                 FeatureSelectionTransformer(method='FeatureWiz',
                                             model=LogisticRegression(C=0.7942685367134228,
                                                                      max_iter=100000,
                                                                      n_jobs=2,
                                                                      penalty='l1',
                                                                      random_state=120,
                                                                      solver='saga'),
                                             scaling_indicator='yes'))])",smoteen,no,Helmert,,FeatureWiz,,yes,0.502747679024279,0.5405976509252234,0.3809875081774441,0.6155557299532309,0.502747679024279,0.28755043292986987,0.26456970990323464,0.09002411184055675,0.2765411105012798,0.28755043292986987,COMPLETE
13,0.2670536073949448,2022-10-18 19:17:38.495008,2022-10-18 19:18:11.609962,0 days 00:00:33.114954,0.11598211189485444,smoteen,None,yes,Polynomial,0.6177970956443302,False,FeatureWiz,100000,2,,l1,saga,"Pipeline(memory='Caching',
         steps=[('smote', SMOTEN(n_jobs=2, random_state=120)),
                ['feature_engine', FeatureEngineTransformer()],
                ['interval_encoding', IntervalDataTransformer()],
                ['binary_encoding', BinaryDataTransformer()],
                ['ordinal_encoding', OrdinalDataTransformer()],
                ['contrast_data',
                 PolynomialEncoder(cols=['Fruitveg_ytd',
                                         'Number_people_household',
                                         'Sports...
                                             'Birth_Date_day_of_month',
                                             'Birth_Date_day_of_year'])],
                ('scaling', ScalingTransformer()),
                ('featureselection',
                 FeatureSelectionTransformer(cluster_indicator='yes',
                                             damping=0.6177970956443302,
                                             method='FeatureWiz',
                                             model=LogisticRegression(C=0.11598211189485444,
                                                                      max_iter=100000,
                                                                      n_jobs=2,
                                                                      penalty='l1',
                                                                      random_state=120,
                                                                      solver='saga'),
                                             scaling_indicator='yes'))])",smoteen,yes,Polynomial,0.6177970956443302,FeatureWiz,,yes,0.3743519083687416,0.39275355435777776,0.1661164202902534,0.4330267241595258,0.3743519083687416,0.2677155437457355,0.2670536073949448,0.07759078227724425,0.3014778688216152,0.2677155437457355,COMPLETE
14,0.21263106217519998,2022-10-18 19:18:11.783212,2022-10-18 19:18:38.143860,0 days 00:00:26.360648,0.9895410736373126,smoteen,None,yes,Helmert,0.7427928256591565,False,ANOVA,100000,2,23.0,l2,saga,"Pipeline(memory='Caching',
         steps=[('smote', SMOTEN(n_jobs=2, random_state=120)),
                ['feature_engine', FeatureEngineTransformer()],
                ['interval_encoding', IntervalDataTransformer()],
                ['binary_encoding', BinaryDataTransformer()],
                ['ordinal_encoding', OrdinalDataTransformer()],
                ['contrast_data',
                 HelmertEncoder(cols=['Fruitveg_ytd', 'Number_people_household',
                                      'Sports_in...
                                             'Birth_Date_day_of_week',
                                             'Birth_Date_day_of_month',
                                             'Birth_Date_day_of_year'])],
                ('scaling', ScalingTransformer()),
                ('featureselection',
                 FeatureSelectionTransformer(cluster_indicator='yes',
                                             damping=0.7427928256591565,
                                             method='ANOVA',
                                             model=LogisticRegression(C=0.9895410736373126,
                                                                      max_iter=100000,
                                                                      n_jobs=2,
                                                                      random_state=120,
                                                                      solver='saga'),
                                             number=23,
                                             scaling_indicator='yes'))])",smoteen,yes,Helmert,0.7427928256591565,ANOVA,23.0,yes,0.3978937070306043,0.41269812779410464,0.19979684675563233,0.4373541813246658,0.3978937070306043,0.2605945985765447,0.21263106217519998,0.006377113430224002,0.24903628791484486,0.2605945985765447,COMPLETE
15,0.25584541378623477,2022-10-18 19:18:38.320030,2022-10-18 19:18:47.648822,0 days 00:00:09.328792,0.8957400707195363,no,None,yes,Helmert,0.9484275343503946,False,Lasso,100000,2,8.0,l1,saga,"Pipeline(memory='Caching',
         steps=[['feature_engine', FeatureEngineTransformer()],
                ['interval_encoding', IntervalDataTransformer()],
                ['binary_encoding', BinaryDataTransformer()],
                ['ordinal_encoding', OrdinalDataTransformer()],
                ['contrast_data',
                 HelmertEncoder(cols=['Fruitveg_ytd', 'Number_people_household',
                                      'Sports_in_week', 'Internet_in_week',
                                      'Tired_in_week', 'C...
                                             'Birth_Date_day_of_month',
                                             'Birth_Date_day_of_year'])],
                ('scaling', ScalingTransformer()),
                ('featureselection',
                 FeatureSelectionTransformer(cluster_indicator='yes',
                                             damping=0.9484275343503946,
                                             method='Lasso',
                                             model=LogisticRegression(C=0.8957400707195363,
                                                                      max_iter=100000,
                                                                      n_jobs=2,
                                                                      penalty='l1',
                                                                      random_state=120,
                                                                      solver='saga'),
                                             number=8,
                                             scaling_indicator='yes'))])",no,yes,Helmert,0.9484275343503946,Lasso,8.0,yes,0.26972803909876414,0.2654625084413636,0.13821404779433957,0.452042551578463,0.26972803909876414,0.2658279776496831,0.25584541378623477,0.09131239992171343,0.2815319527116402,0.2658279776496831,COMPLETE
16,0.24126712624963445,2022-10-18 19:18:47.814041,2022-10-18 19:19:18.019730,0 days 00:00:30.205689,0.16604735574239704,smoteen,None,yes,Backward Difference,0.6789215130724456,False,MutualInformation,100000,2,28.0,l1,saga,"Pipeline(memory='Caching',
         steps=[('smote', SMOTEN(n_jobs=2, random_state=120)),
                ['feature_engine', FeatureEngineTransformer()],
                ['interval_encoding', IntervalDataTransformer()],
                ['binary_encoding', BinaryDataTransformer()],
                ['ordinal_encoding', OrdinalDataTransformer()],
                ['contrast_data',
                 BackwardDifferenceEncoder(cols=['Fruitveg_ytd',
                                                 'Number_people_household'...
                                             'Birth_Date_day_of_month',
                                             'Birth_Date_day_of_year'])],
                ('scaling', ScalingTransformer()),
                ('featureselection',
                 FeatureSelectionTransformer(cluster_indicator='yes',
                                             damping=0.6789215130724456,
                                             method='MutualInformation',
                                             model=LogisticRegression(C=0.16604735574239704,
                                                                      max_iter=100000,
                                                                      n_jobs=2,
                                                                      penalty='l1',
                                                                      random_state=120,
                                                                      solver='saga'),
                                             number=28,
                                             scaling_indicator='yes'))])",smoteen,yes,Backward Difference,0.6789215130724456,MutualInformation,28.0,yes,0.37063518870663953,0.3803324313886422,0.16619309320411926,0.40406521501279435,0.37063518870663953,0.2766723143992626,0.24126712624963445,0.08699289125892433,0.3380261676510643,0.2766723143992626,COMPLETE
17,0.27330732860409307,2022-10-18 19:19:18.178093,2022-10-18 19:20:48.443863,0 days 00:01:30.265770,0.28867207412426066,smoteen,None,yes,Helmert,0.7729860040356632,False,BorutaShap,100000,2,,l1,saga,"Pipeline(memory='Caching',
         steps=[('smote', SMOTEN(n_jobs=2, random_state=120)),
                ['feature_engine', FeatureEngineTransformer()],
                ['interval_encoding', IntervalDataTransformer()],
                ['binary_encoding', BinaryDataTransformer()],
                ['ordinal_encoding', OrdinalDataTransformer()],
                ['contrast_data',
                 HelmertEncoder(cols=['Fruitveg_ytd', 'Number_people_household',
                                      'Sports_in...
                                             'Birth_Date_day_of_month',
                                             'Birth_Date_day_of_year'])],
                ('scaling', ScalingTransformer()),
                ('featureselection',
                 FeatureSelectionTransformer(cluster_indicator='yes',
                                             damping=0.7729860040356632,
                                             method='BorutaShap',
                                             model=LogisticRegression(C=0.28867207412426066,
                                                                      max_iter=100000,
                                                                      n_jobs=2,
                                                                      penalty='l1',
                                                                      random_state=120,
                                                                      solver='saga'),
                                             scaling_indicator='yes'))])",smoteen,yes,Helmert,0.7729860040356632,BorutaShap,,yes,0.5074394914353445,0.5624107608925616,0.41511906070548843,0.6904105649771473,0.5074394914353445,0.2898895052429324,0.27330732860409307,0.10176186029391006,0.35970210381960394,0.2898895052429324,COMPLETE
18,0.23857392581578615,2022-10-18 19:20:48.618372,2022-10-18 19:25:38.607462,0 days 00:04:49.989090,0.7031535726560085,no,balanced,yes,Backward Difference,0.6381866793196128,False,FeatureWiz,100000,2,,l1,saga,"Pipeline(memory='Caching',
         steps=[['feature_engine', FeatureEngineTransformer()],
                ['interval_encoding', IntervalDataTransformer()],
                ['binary_encoding', BinaryDataTransformer()],
                ['ordinal_encoding', OrdinalDataTransformer()],
                ['contrast_data',
                 BackwardDifferenceEncoder(cols=['Fruitveg_ytd',
                                                 'Number_people_household',
                                                 'Sports_in_week',
                                                 'Internet_in_week',
                                                 'Tired_...
                                             'Birth_Date_day_of_month',
                                             'Birth_Date_day_of_year'])],
                ('scaling', ScalingTransformer()),
                ('featureselection',
                 FeatureSelectionTransformer(cluster_indicator='yes',
                                             damping=0.6381866793196128,
                                             method='FeatureWiz',
                                             model=LogisticRegression(C=0.7031535726560085,
                                                                      class_weight='balanced',
                                                                      max_iter=100000,
                                                                      n_jobs=2,
                                                                      penalty='l1',
                                                                      random_state=120,
                                                                      solver='saga'),
                                             scaling_indicator='yes'))])",no,yes,Backward Difference,0.6381866793196128,FeatureWiz,,yes,0.6623093333547102,0.44073974014681605,0.3176603357946108,0.47887957596298186,0.6623093333547102,0.33839135953579036,0.23857392581578615,0.11747900364432078,0.2938438629340941,0.33839135953579036,COMPLETE
19,0.15647500143937146,2022-10-18 19:25:38.772179,2022-10-18 19:26:16.223073,0 days 00:00:37.450894,0.006254509725303792,smoteen,balanced,yes,Helmert,0.766615715787162,False,Lasso,100000,2,30.0,l1,saga,"Pipeline(memory='Caching',
         steps=[('smote', SMOTEN(n_jobs=2, random_state=120)),
                ['feature_engine', FeatureEngineTransformer()],
                ['interval_encoding', IntervalDataTransformer()],
                ['binary_encoding', BinaryDataTransformer()],
                ['ordinal_encoding', OrdinalDataTransformer()],
                ['contrast_data',
                 HelmertEncoder(cols=['Fruitveg_ytd', 'Number_people_household',
                                      'Sports_in...
                                             'Birth_Date_day_of_year'])],
                ('scaling', ScalingTransformer()),
                ('featureselection',
                 FeatureSelectionTransformer(cluster_indicator='yes',
                                             damping=0.766615715787162,
                                             method='Lasso',
                                             model=LogisticRegression(C=0.006254509725303792,
                                                                      class_weight='balanced',
                                                                      max_iter=100000,
                                                                      n_jobs=2,
                                                                      penalty='l1',
                                                                      random_state=120,
                                                                      solver='saga'),
                                             number=30,
                                             scaling_indicator='yes'))])",smoteen,yes,Helmert,0.766615715787162,Lasso,30.0,yes,0.2302781749671757,0.14822783551188476,-0.0430420503556291,0.14531192208093838,0.2302781749671757,0.2453057708871662,0.15647500143937146,-0.00943968573101101,0.14564643391389456,0.2453057708871662,COMPLETE
20,0.2739644540273829,2022-10-18 19:26:16.389783,2022-10-18 19:26:29.683820,0 days 00:00:13.294037,0.03049568712539596,smoteen,None,no,Sum,,False,FeatureWiz,100000,2,,l2,saga,"Pipeline(memory='Caching',
         steps=[('smote', SMOTEN(n_jobs=2, random_state=120)),
                ['feature_engine', FeatureEngineTransformer()],
                ['interval_encoding', IntervalDataTransformer()],
                ['binary_encoding', BinaryDataTransformer()],
                ['ordinal_encoding', OrdinalDataTransformer()],
                ['contrast_data',
                 SumEncoder(cols=['Fruitveg_ytd', 'Number_people_household',
                                  'Sports_in_wee...
                                             'Birth_Date_quarter',
                                             'Birth_Date_week',
                                             'Birth_Date_day_of_week',
                                             'Birth_Date_day_of_month',
                                             'Birth_Date_day_of_year'])],
                ('scaling', ScalingTransformer()),
                ('featureselection',
                 FeatureSelectionTransformer(method='FeatureWiz',
                                             model=LogisticRegression(C=0.03049568712539596,
                                                                      max_iter=100000,
                                                                      n_jobs=2,
                                                                      random_state=120,
                                                                      solver='saga'),
                                             scaling_indicator='yes'))])",smoteen,no,Sum,,FeatureWiz,,yes,0.42716145951806866,0.4438485522729058,0.23435301453983434,0.470409997772329,0.42716145951806866,0.2744066902165637,0.2739644540273829,0.02831000142733395,0.3021099163621652,0.2744066902165637,COMPLETE
21,0.30271725699047863,2022-10-18 19:26:29.846311,2022-10-18 19:27:14.430821,0 days 00:00:44.584510,0.9577853616182137,smoteen,None,yes,Sum,0.874617370422175,False,Lasso,100000,2,21.0,l1,saga,"Pipeline(memory='Caching',
         steps=[('smote', SMOTEN(n_jobs=2, random_state=120)),
                ['feature_engine', FeatureEngineTransformer()],
                ['interval_encoding', IntervalDataTransformer()],
                ['binary_encoding', BinaryDataTransformer()],
                ['ordinal_encoding', OrdinalDataTransformer()],
                ['contrast_data',
                 SumEncoder(cols=['Fruitveg_ytd', 'Number_people_household',
                                  'Sports_in_wee...
                                             'Birth_Date_day_of_month',
                                             'Birth_Date_day_of_year'])],
                ('scaling', ScalingTransformer()),
                ('featureselection',
                 FeatureSelectionTransformer(cluster_indicator='yes',
                                             damping=0.874617370422175,
                                             method='Lasso',
                                             model=LogisticRegression(C=0.9577853616182137,
                                                                      max_iter=100000,
                                                                      n_jobs=2,
                                                                      penalty='l1',
                                                                      random_state=120,
                                                                      solver='saga'),
                                             number=21,
                                             scaling_indicator='yes'))])",smoteen,yes,Sum,0.874617370422175,Lasso,21.0,yes,0.4298552986089765,0.4349391830949154,0.26604897023541496,0.45501880068576983,0.4298552986089765,0.309774042747829,0.30271725699047863,0.11678650756312016,0.3087734218851837,0.309774042747829,COMPLETE
22,0.278542119278206,2022-10-18 19:27:14.597625,2022-10-18 19:27:55.826718,0 days 00:00:41.229093,0.5648492041060726,smoteen,None,yes,Helmert,0.9393704295002197,False,Lasso,100000,2,22.0,l1,saga,"Pipeline(memory='Caching',
         steps=[('smote', SMOTEN(n_jobs=2, random_state=120)),
                ['feature_engine', FeatureEngineTransformer()],
                ['interval_encoding', IntervalDataTransformer()],
                ['binary_encoding', BinaryDataTransformer()],
                ['ordinal_encoding', OrdinalDataTransformer()],
                ['contrast_data',
                 HelmertEncoder(cols=['Fruitveg_ytd', 'Number_people_household',
                                      'Sports_in...
                                             'Birth_Date_day_of_month',
                                             'Birth_Date_day_of_year'])],
                ('scaling', ScalingTransformer()),
                ('featureselection',
                 FeatureSelectionTransformer(cluster_indicator='yes',
                                             damping=0.9393704295002197,
                                             method='Lasso',
                                             model=LogisticRegression(C=0.5648492041060726,
                                                                      max_iter=100000,
                                                                      n_jobs=2,
                                                                      penalty='l1',
                                                                      random_state=120,
                                                                      solver='saga'),
                                             number=22,
                                             scaling_indicator='yes'))])",smoteen,yes,Helmert,0.9393704295002197,Lasso,22.0,yes,0.40559058565636064,0.40929846286682725,0.2588165878059702,0.4209008152569092,0.40559058565636064,0.28288575016186196,0.278542119278206,0.07513522254837111,0.3162676917518216,0.28288575016186196,COMPLETE
23,0.2721646731348552,2022-10-18 19:27:56.017243,2022-10-18 19:28:38.001499,0 days 00:00:41.984256,0.022839942518141206,smoteen,None,yes,Helmert,0.6389588291771584,False,Lasso,100000,2,23.0,l2,saga,"Pipeline(memory='Caching',
         steps=[('smote', SMOTEN(n_jobs=2, random_state=120)),
                ['feature_engine', FeatureEngineTransformer()],
                ['interval_encoding', IntervalDataTransformer()],
                ['binary_encoding', BinaryDataTransformer()],
                ['ordinal_encoding', OrdinalDataTransformer()],
                ['contrast_data',
                 HelmertEncoder(cols=['Fruitveg_ytd', 'Number_people_household',
                                      'Sports_in...
                                             'Birth_Date_day_of_week',
                                             'Birth_Date_day_of_month',
                                             'Birth_Date_day_of_year'])],
                ('scaling', ScalingTransformer()),
                ('featureselection',
                 FeatureSelectionTransformer(cluster_indicator='yes',
                                             damping=0.6389588291771584,
                                             method='Lasso',
                                             model=LogisticRegression(C=0.022839942518141206,
                                                                      max_iter=100000,
                                                                      n_jobs=2,
                                                                      random_state=120,
                                                                      solver='saga'),
                                             number=23,
                                             scaling_indicator='yes'))])",smoteen,yes,Helmert,0.6389588291771584,Lasso,23.0,yes,0.3885170696628359,0.40638570922246603,0.23718502509094572,0.4398914531515071,0.3885170696628359,0.27162060139416316,0.2721646731348552,0.05256297665632561,0.37653910961510406,0.27162060139416316,COMPLETE
24,0.3036255204014988,2022-10-18 19:28:38.185725,2022-10-18 19:29:21.379543,0 days 00:00:43.193818,0.735713516555799,smoteen,balanced,yes,Backward Difference,0.8664254311911723,False,Lasso,100000,2,25.0,l1,saga,"Pipeline(memory='Caching',
         steps=[('smote', SMOTEN(n_jobs=2, random_state=120)),
                ['feature_engine', FeatureEngineTransformer()],
                ['interval_encoding', IntervalDataTransformer()],
                ['binary_encoding', BinaryDataTransformer()],
                ['ordinal_encoding', OrdinalDataTransformer()],
                ['contrast_data',
                 BackwardDifferenceEncoder(cols=['Fruitveg_ytd',
                                                 'Number_people_household'...
                                             'Birth_Date_day_of_year'])],
                ('scaling', ScalingTransformer()),
                ('featureselection',
                 FeatureSelectionTransformer(cluster_indicator='yes',
                                             damping=0.8664254311911723,
                                             method='Lasso',
                                             model=LogisticRegression(C=0.735713516555799,
                                                                      class_weight='balanced',
                                                                      max_iter=100000,
                                                                      n_jobs=2,
                                                                      penalty='l1',
                                                                      random_state=120,
                                                                      solver='saga'),
                                             number=25,
                                             scaling_indicator='yes'))])",smoteen,yes,Backward Difference,0.8664254311911723,Lasso,25.0,yes,0.44485938152473364,0.453189722678727,0.31204631559754953,0.4672931835025416,0.44485938152473364,0.30836058397002913,0.3036255204014988,0.09401752311856625,0.3064735643985827,0.30836058397002913,COMPLETE
25,0.27751566990355925,2022-10-18 19:29:21.573091,2022-10-18 19:30:03.476469,0 days 00:00:41.903378,0.8562459882251611,smoteen,balanced,yes,Backward Difference,0.8954186892146992,False,Lasso,100000,2,19.0,l2,saga,"Pipeline(memory='Caching',
         steps=[('smote', SMOTEN(n_jobs=2, random_state=120)),
                ['feature_engine', FeatureEngineTransformer()],
                ['interval_encoding', IntervalDataTransformer()],
                ['binary_encoding', BinaryDataTransformer()],
                ['ordinal_encoding', OrdinalDataTransformer()],
                ['contrast_data',
                 BackwardDifferenceEncoder(cols=['Fruitveg_ytd',
                                                 'Number_people_household'...
                                             'Birth_Date_day_of_month',
                                             'Birth_Date_day_of_year'])],
                ('scaling', ScalingTransformer()),
                ('featureselection',
                 FeatureSelectionTransformer(cluster_indicator='yes',
                                             damping=0.8954186892146992,
                                             method='Lasso',
                                             model=LogisticRegression(C=0.8562459882251611,
                                                                      class_weight='balanced',
                                                                      max_iter=100000,
                                                                      n_jobs=2,
                                                                      random_state=120,
                                                                      solver='saga'),
                                             number=19,
                                             scaling_indicator='yes'))])",smoteen,yes,Backward Difference,0.8954186892146992,Lasso,19.0,yes,0.4172899480502175,0.43086087209608886,0.2534786426673259,0.4582254138414304,0.4172899480502175,0.2824891811121921,0.27751566990355925,0.0573273288798263,0.3067444660205319,0.2824891811121921,COMPLETE
26,0.2284100039726952,2022-10-18 19:30:03.644196,2022-10-18 19:30:29.823208,0 days 00:00:26.179012,0.05589717951637986,smoteen,balanced,yes,Backward Difference,0.8684498150100387,False,FeatureImportance_ET,100000,2,30.0,l1,saga,"Pipeline(memory='Caching',
         steps=[('smote', SMOTEN(n_jobs=2, random_state=120)),
                ['feature_engine', FeatureEngineTransformer()],
                ['interval_encoding', IntervalDataTransformer()],
                ['binary_encoding', BinaryDataTransformer()],
                ['ordinal_encoding', OrdinalDataTransformer()],
                ['contrast_data',
                 BackwardDifferenceEncoder(cols=['Fruitveg_ytd',
                                                 'Number_people_household'...
                                             'Birth_Date_day_of_year'])],
                ('scaling', ScalingTransformer()),
                ('featureselection',
                 FeatureSelectionTransformer(cluster_indicator='yes',
                                             damping=0.8684498150100387,
                                             method='FeatureImportance_ET',
                                             model=LogisticRegression(C=0.05589717951637986,
                                                                      class_weight='balanced',
                                                                      max_iter=100000,
                                                                      n_jobs=2,
                                                                      penalty='l1',
                                                                      random_state=120,
                                                                      solver='saga'),
                                             number=30,
                                             scaling_indicator='yes'))])",smoteen,yes,Backward Difference,0.8684498150100387,FeatureImportance_ET,30.0,yes,0.3791840805716174,0.3936689854268174,0.1651634593104381,0.44982620774283716,0.3791840805716174,0.250864726415522,0.2284100039726952,0.03499771571985217,0.30322157555943,0.250864726415522,COMPLETE
27,0.22416827052987717,2022-10-18 19:30:29.982256,2022-10-18 19:30:55.991599,0 days 00:00:26.009343,0.09725015337617753,smoteen,balanced,no,Backward Difference,,False,Lasso,100000,2,2.0,l1,saga,"Pipeline(memory='Caching',
         steps=[('smote', SMOTEN(n_jobs=2, random_state=120)),
                ['feature_engine', FeatureEngineTransformer()],
                ['interval_encoding', IntervalDataTransformer()],
                ['binary_encoding', BinaryDataTransformer()],
                ['ordinal_encoding', OrdinalDataTransformer()],
                ['contrast_data',
                 BackwardDifferenceEncoder(cols=['Fruitveg_ytd',
                                                 'Number_people_household'...
                                             'Birth_Date_day_of_week',
                                             'Birth_Date_day_of_month',
                                             'Birth_Date_day_of_year'])],
                ('scaling', ScalingTransformer()),
                ('featureselection',
                 FeatureSelectionTransformer(method='Lasso',
                                             model=LogisticRegression(C=0.09725015337617753,
                                                                      class_weight='balanced',
                                                                      max_iter=100000,
                                                                      n_jobs=2,
                                                                      penalty='l1',
                                                                      random_state=120,
                                                                      solver='saga'),
                                             number=2,
                                             scaling_indicator='yes'))])",smoteen,no,Backward Difference,,Lasso,2.0,yes,0.299570698315727,0.2510576654863002,0.06675514268004985,0.2987615085273638,0.299570698315727,0.2661294419046357,0.22416827052987717,0.02017929752993469,0.2423850988782508,0.2661294419046357,COMPLETE
28,0.21161799814349155,2022-10-18 19:30:56.183111,2022-10-18 19:31:17.078372,0 days 00:00:20.895261,0.6909832125754671,smoteen,balanced,yes,Polynomial,0.8444192865281398,False,ANOVA,100000,2,19.0,l1,saga,"Pipeline(memory='Caching',
         steps=[('smote', SMOTEN(n_jobs=2, random_state=120)),
                ['feature_engine', FeatureEngineTransformer()],
                ['interval_encoding', IntervalDataTransformer()],
                ['binary_encoding', BinaryDataTransformer()],
                ['ordinal_encoding', OrdinalDataTransformer()],
                ['contrast_data',
                 PolynomialEncoder(cols=['Fruitveg_ytd',
                                         'Number_people_household',
                                         'Sports...
                                             'Birth_Date_day_of_year'])],
                ('scaling', ScalingTransformer()),
                ('featureselection',
                 FeatureSelectionTransformer(cluster_indicator='yes',
                                             damping=0.8444192865281398,
                                             method='ANOVA',
                                             model=LogisticRegression(C=0.6909832125754671,
                                                                      class_weight='balanced',
                                                                      max_iter=100000,
                                                                      n_jobs=2,
                                                                      penalty='l1',
                                                                      random_state=120,
                                                                      solver='saga'),
                                             number=19,
                                             scaling_indicator='yes'))])",smoteen,yes,Polynomial,0.8444192865281398,ANOVA,19.0,yes,0.3417317252083079,0.35102828507411443,0.13188597915915384,0.3683090341594098,0.3417317252083079,0.2737524933133868,0.21161799814349155,0.04905757518911088,0.23425340896045602,0.2737524933133868,COMPLETE
29,0.31288836147582,2022-10-18 19:31:17.228278,2022-10-18 19:31:42.986058,0 days 00:00:25.757780,0.8367382374979451,smoteen,None,no,Polynomial,,False,Lasso,100000,2,24.0,l1,saga,"Pipeline(memory='Caching',
         steps=[('smote', SMOTEN(n_jobs=2, random_state=120)),
                ['feature_engine', FeatureEngineTransformer()],
                ['interval_encoding', IntervalDataTransformer()],
                ['binary_encoding', BinaryDataTransformer()],
                ['ordinal_encoding', OrdinalDataTransformer()],
                ['contrast_data',
                 PolynomialEncoder(cols=['Fruitveg_ytd',
                                         'Number_people_household',
                                         'Sports...
                                             'Birth_Date_quarter',
                                             'Birth_Date_week',
                                             'Birth_Date_day_of_week',
                                             'Birth_Date_day_of_month',
                                             'Birth_Date_day_of_year'])],
                ('scaling', ScalingTransformer()),
                ('featureselection',
                 FeatureSelectionTransformer(method='Lasso',
                                             model=LogisticRegression(C=0.8367382374979451,
                                                                      max_iter=100000,
                                                                      n_jobs=2,
                                                                      penalty='l1',
                                                                      random_state=120,
                                                                      solver='saga'),
                                             number=24,
                                             scaling_indicator='yes'))])",smoteen,no,Polynomial,,Lasso,24.0,yes,0.44553423306684575,0.44165769355320034,0.2890926038705702,0.44789081601928976,0.44553423306684575,0.3291587842510935,0.31288836147582,0.10662982436350658,0.3325770771804353,0.3291587842510935,COMPLETE
30,0.2789072305986355,2022-10-18 19:31:43.166250,2022-10-18 19:32:09.197482,0 days 00:00:26.031232,0.26048587806264833,smoteen,None,no,Polynomial,,False,Lasso,100000,2,24.0,l1,saga,"Pipeline(memory='Caching',
         steps=[('smote', SMOTEN(n_jobs=2, random_state=120)),
                ['feature_engine', FeatureEngineTransformer()],
                ['interval_encoding', IntervalDataTransformer()],
                ['binary_encoding', BinaryDataTransformer()],
                ['ordinal_encoding', OrdinalDataTransformer()],
                ['contrast_data',
                 PolynomialEncoder(cols=['Fruitveg_ytd',
                                         'Number_people_household',
                                         'Sports...
                                             'Birth_Date_quarter',
                                             'Birth_Date_week',
                                             'Birth_Date_day_of_week',
                                             'Birth_Date_day_of_month',
                                             'Birth_Date_day_of_year'])],
                ('scaling', ScalingTransformer()),
                ('featureselection',
                 FeatureSelectionTransformer(method='Lasso',
                                             model=LogisticRegression(C=0.26048587806264833,
                                                                      max_iter=100000,
                                                                      n_jobs=2,
                                                                      penalty='l1',
                                                                      random_state=120,
                                                                      solver='saga'),
                                             number=24,
                                             scaling_indicator='yes'))])",smoteen,no,Polynomial,,Lasso,24.0,yes,0.42044563622966297,0.4123894409519493,0.2462205346586184,0.41349302678832905,0.42044563622966297,0.297361860848703,0.2789072305986355,0.06215659650262743,0.28152227974816896,0.297361860848703,COMPLETE
31,0.2946825677299034,2022-10-18 19:32:09.376472,2022-10-18 19:32:53.514587,0 days 00:00:44.138115,0.8420412081579142,smoteen,None,yes,Polynomial,0.7318030124215308,False,Lasso,100000,2,24.0,l2,saga,"Pipeline(memory='Caching',
         steps=[('smote', SMOTEN(n_jobs=2, random_state=120)),
                ['feature_engine', FeatureEngineTransformer()],
                ['interval_encoding', IntervalDataTransformer()],
                ['binary_encoding', BinaryDataTransformer()],
                ['ordinal_encoding', OrdinalDataTransformer()],
                ['contrast_data',
                 PolynomialEncoder(cols=['Fruitveg_ytd',
                                         'Number_people_household',
                                         'Sports...
                                             'Birth_Date_day_of_week',
                                             'Birth_Date_day_of_month',
                                             'Birth_Date_day_of_year'])],
                ('scaling', ScalingTransformer()),
                ('featureselection',
                 FeatureSelectionTransformer(cluster_indicator='yes',
                                             damping=0.7318030124215308,
                                             method='Lasso',
                                             model=LogisticRegression(C=0.8420412081579142,
                                                                      max_iter=100000,
                                                                      n_jobs=2,
                                                                      random_state=120,
                                                                      solver='saga'),
                                             number=24,
                                             scaling_indicator='yes'))])",smoteen,yes,Polynomial,0.7318030124215308,Lasso,24.0,yes,0.40465161430412994,0.42192163220079276,0.2636828596201379,0.4568529078847063,0.40465161430412994,0.3003339238243359,0.2946825677299034,0.08742883678972739,0.35335207516723005,0.3003339238243359,COMPLETE
32,0.24164308698237624,2022-10-18 19:32:53.671463,2022-10-18 19:33:15.372077,0 days 00:00:21.700614,0.3532594561298234,smoteen,None,yes,Polynomial,0.8336098106228601,False,FeatureImportance_ET,100000,2,20.0,l2,saga,"Pipeline(memory='Caching',
         steps=[('smote', SMOTEN(n_jobs=2, random_state=120)),
                ['feature_engine', FeatureEngineTransformer()],
                ['interval_encoding', IntervalDataTransformer()],
                ['binary_encoding', BinaryDataTransformer()],
                ['ordinal_encoding', OrdinalDataTransformer()],
                ['contrast_data',
                 PolynomialEncoder(cols=['Fruitveg_ytd',
                                         'Number_people_household',
                                         'Sports...
                                             'Birth_Date_day_of_month',
                                             'Birth_Date_day_of_year'])],
                ('scaling', ScalingTransformer()),
                ('featureselection',
                 FeatureSelectionTransformer(cluster_indicator='yes',
                                             damping=0.8336098106228601,
                                             method='FeatureImportance_ET',
                                             model=LogisticRegression(C=0.3532594561298234,
                                                                      max_iter=100000,
                                                                      n_jobs=2,
                                                                      random_state=120,
                                                                      solver='saga'),
                                             number=20,
                                             scaling_indicator='yes'))])",smoteen,yes,Polynomial,0.8336098106228601,FeatureImportance_ET,20.0,yes,0.35363130625742073,0.36748096643210015,0.16165705749828027,0.39175496646356,0.35363130625742073,0.2885145141061094,0.24164308698237624,0.08432014967153523,0.2624681588700513,0.2885145141061094,COMPLETE
33,0.2575651938573287,2022-10-18 19:33:15.538815,2022-10-18 19:33:28.629593,0 days 00:00:13.090778,0.6321818360716895,no,None,no,Sum,,False,Lasso,100000,2,26.0,l2,saga,"Pipeline(memory='Caching',
         steps=[['feature_engine', FeatureEngineTransformer()],
                ['interval_encoding', IntervalDataTransformer()],
                ['binary_encoding', BinaryDataTransformer()],
                ['ordinal_encoding', OrdinalDataTransformer()],
                ['contrast_data',
                 SumEncoder(cols=['Fruitveg_ytd', 'Number_people_household',
                                  'Sports_in_week', 'Internet_in_week',
                                  'Tired_in_week', 'Conce...
                                             'Birth_Date_quarter',
                                             'Birth_Date_week',
                                             'Birth_Date_day_of_week',
                                             'Birth_Date_day_of_month',
                                             'Birth_Date_day_of_year'])],
                ('scaling', ScalingTransformer()),
                ('featureselection',
                 FeatureSelectionTransformer(method='Lasso',
                                             model=LogisticRegression(C=0.6321818360716895,
                                                                      max_iter=100000,
                                                                      n_jobs=2,
                                                                      random_state=120,
                                                                      solver='saga'),
                                             number=26,
                                             scaling_indicator='yes'))])",no,no,Sum,,Lasso,26.0,yes,0.3503884854634174,0.39015245415857264,0.318721114212877,0.6812266859752949,0.3503884854634174,0.26309433413421585,0.2575651938573287,0.07440445757291352,0.2769785249852301,0.26309433413421585,COMPLETE
34,0.28156199848770386,2022-10-18 19:33:28.780403,2022-10-18 19:34:06.814907,0 days 00:00:38.034504,0.5886092896776026,smoteen,None,yes,Polynomial,0.7630522437548816,False,Lasso,100000,2,20.0,l2,saga,"Pipeline(memory='Caching',
         steps=[('smote', SMOTEN(n_jobs=2, random_state=120)),
                ['feature_engine', FeatureEngineTransformer()],
                ['interval_encoding', IntervalDataTransformer()],
                ['binary_encoding', BinaryDataTransformer()],
                ['ordinal_encoding', OrdinalDataTransformer()],
                ['contrast_data',
                 PolynomialEncoder(cols=['Fruitveg_ytd',
                                         'Number_people_household',
                                         'Sports...
                                             'Birth_Date_day_of_week',
                                             'Birth_Date_day_of_month',
                                             'Birth_Date_day_of_year'])],
                ('scaling', ScalingTransformer()),
                ('featureselection',
                 FeatureSelectionTransformer(cluster_indicator='yes',
                                             damping=0.7630522437548816,
                                             method='Lasso',
                                             model=LogisticRegression(C=0.5886092896776026,
                                                                      max_iter=100000,
                                                                      n_jobs=2,
                                                                      random_state=120,
                                                                      solver='saga'),
                                             number=20,
                                             scaling_indicator='yes'))])",smoteen,yes,Polynomial,0.7630522437548816,Lasso,20.0,yes,0.4141945729604608,0.42999438082154756,0.27297280379849953,0.46092742988175744,0.4141945729604608,0.28736502543877085,0.28156199848770386,0.0637609049733776,0.29787049092294343,0.28736502543877085,COMPLETE
35,0.3159464790001247,2022-10-18 19:34:06.965659,2022-10-18 19:34:54.080173,0 days 00:00:47.114514,0.9809906811122874,smoteen,balanced,yes,Sum,0.9407402430907134,False,Lasso,100000,2,27.0,l1,saga,"Pipeline(memory='Caching',
         steps=[('smote', SMOTEN(n_jobs=2, random_state=120)),
                ['feature_engine', FeatureEngineTransformer()],
                ['interval_encoding', IntervalDataTransformer()],
                ['binary_encoding', BinaryDataTransformer()],
                ['ordinal_encoding', OrdinalDataTransformer()],
                ['contrast_data',
                 SumEncoder(cols=['Fruitveg_ytd', 'Number_people_household',
                                  'Sports_in_wee...
                                             'Birth_Date_day_of_year'])],
                ('scaling', ScalingTransformer()),
                ('featureselection',
                 FeatureSelectionTransformer(cluster_indicator='yes',
                                             damping=0.9407402430907134,
                                             method='Lasso',
                                             model=LogisticRegression(C=0.9809906811122874,
                                                                      class_weight='balanced',
                                                                      max_iter=100000,
                                                                      n_jobs=2,
                                                                      penalty='l1',
                                                                      random_state=120,
                                                                      solver='saga'),
                                             number=27,
                                             scaling_indicator='yes'))])",smoteen,yes,Sum,0.9407402430907134,Lasso,27.0,yes,0.45054887436056684,0.45873594533546697,0.3010893117095283,0.4774670021162973,0.45054887436056684,0.31607231800265256,0.3159464790001247,0.13067928657061673,0.34857300497683497,0.31607231800265256,COMPLETE
36,0.2615846844199481,2022-10-18 19:34:54.262936,2022-10-18 19:36:41.481811,0 days 00:01:47.218875,0.7818395045407462,smoteen,balanced,yes,Sum,0.9482606053212154,False,BorutaShap,100000,2,,l1,saga,"Pipeline(memory='Caching',
         steps=[('smote', SMOTEN(n_jobs=2, random_state=120)),
                ['feature_engine', FeatureEngineTransformer()],
                ['interval_encoding', IntervalDataTransformer()],
                ['binary_encoding', BinaryDataTransformer()],
                ['ordinal_encoding', OrdinalDataTransformer()],
                ['contrast_data',
                 SumEncoder(cols=['Fruitveg_ytd', 'Number_people_household',
                                  'Sports_in_wee...
                                             'Birth_Date_day_of_month',
                                             'Birth_Date_day_of_year'])],
                ('scaling', ScalingTransformer()),
                ('featureselection',
                 FeatureSelectionTransformer(cluster_indicator='yes',
                                             damping=0.9482606053212154,
                                             method='BorutaShap',
                                             model=LogisticRegression(C=0.7818395045407462,
                                                                      class_weight='balanced',
                                                                      max_iter=100000,
                                                                      n_jobs=2,
                                                                      penalty='l1',
                                                                      random_state=120,
                                                                      solver='saga'),
                                             scaling_indicator='yes'))])",smoteen,yes,Sum,0.9482606053212154,BorutaShap,,yes,0.5566082953560181,0.6139746582975535,0.48774233245669807,0.7297113952977371,0.5566082953560181,0.2838596680115448,0.2615846844199481,0.1267003331116765,0.3047856681760916,0.2838596680115448,COMPLETE
37,0.2840599619996605,2022-10-18 19:36:41.650139,2022-10-18 19:37:24.293026,0 days 00:00:42.642887,0.2322959703240006,smoteen,balanced,yes,Sum,0.936089661713687,False,Lasso,100000,2,29.0,l1,saga,"Pipeline(memory='Caching',
         steps=[('smote', SMOTEN(n_jobs=2, random_state=120)),
                ['feature_engine', FeatureEngineTransformer()],
                ['interval_encoding', IntervalDataTransformer()],
                ['binary_encoding', BinaryDataTransformer()],
                ['ordinal_encoding', OrdinalDataTransformer()],
                ['contrast_data',
                 SumEncoder(cols=['Fruitveg_ytd', 'Number_people_household',
                                  'Sports_in_wee...
                                             'Birth_Date_day_of_year'])],
                ('scaling', ScalingTransformer()),
                ('featureselection',
                 FeatureSelectionTransformer(cluster_indicator='yes',
                                             damping=0.936089661713687,
                                             method='Lasso',
                                             model=LogisticRegression(C=0.2322959703240006,
                                                                      class_weight='balanced',
                                                                      max_iter=100000,
                                                                      n_jobs=2,
                                                                      penalty='l1',
                                                                      random_state=120,
                                                                      solver='saga'),
                                             number=29,
                                             scaling_indicator='yes'))])",smoteen,yes,Sum,0.936089661713687,Lasso,29.0,yes,0.38958701458355494,0.4090309081560315,0.24282883481329087,0.44680945579991094,0.38958701458355494,0.29094422330091446,0.2840599619996605,0.0827121425156488,0.3543378094755214,0.29094422330091446,COMPLETE
38,0.2998689813960311,2022-10-18 19:37:24.475724,2022-10-18 19:38:02.327820,0 days 00:00:37.852096,0.3550530880845615,smoteen,balanced,yes,Backward Difference,0.9455900056883141,False,Lasso,100000,2,30.0,l1,saga,"Pipeline(memory='Caching',
         steps=[('smote', SMOTEN(n_jobs=2, random_state=120)),
                ['feature_engine', FeatureEngineTransformer()],
                ['interval_encoding', IntervalDataTransformer()],
                ['binary_encoding', BinaryDataTransformer()],
                ['ordinal_encoding', OrdinalDataTransformer()],
                ['contrast_data',
                 BackwardDifferenceEncoder(cols=['Fruitveg_ytd',
                                                 'Number_people_household'...
                                             'Birth_Date_day_of_year'])],
                ('scaling', ScalingTransformer()),
                ('featureselection',
                 FeatureSelectionTransformer(cluster_indicator='yes',
                                             damping=0.9455900056883141,
                                             method='Lasso',
                                             model=LogisticRegression(C=0.3550530880845615,
                                                                      class_weight='balanced',
                                                                      max_iter=100000,
                                                                      n_jobs=2,
                                                                      penalty='l1',
                                                                      random_state=120,
                                                                      solver='saga'),
                                             number=30,
                                             scaling_indicator='yes'))])",smoteen,yes,Backward Difference,0.9455900056883141,Lasso,30.0,yes,0.44780534563148094,0.45940501327489686,0.30629782418106405,0.4781865540479541,0.44780534563148094,0.30786966567515317,0.2998689813960311,0.09906169196779498,0.311679796312606,0.30786966567515317,COMPLETE
39,0.2086023779443457,2022-10-18 19:38:02.495744,2022-10-18 19:40:03.178564,0 days 00:02:00.682820,0.42357358222865454,no,balanced,no,Sum,,False,Lasso,100000,2,25.0,l1,saga,"Pipeline(memory='Caching',
         steps=[['feature_engine', FeatureEngineTransformer()],
                ['interval_encoding', IntervalDataTransformer()],
                ['binary_encoding', BinaryDataTransformer()],
                ['ordinal_encoding', OrdinalDataTransformer()],
                ['contrast_data',
                 SumEncoder(cols=['Fruitveg_ytd', 'Number_people_household',
                                  'Sports_in_week', 'Internet_in_week',
                                  'Tired_in_week', 'Conce...
                                             'Birth_Date_day_of_week',
                                             'Birth_Date_day_of_month',
                                             'Birth_Date_day_of_year'])],
                ('scaling', ScalingTransformer()),
                ('featureselection',
                 FeatureSelectionTransformer(method='Lasso',
                                             model=LogisticRegression(C=0.42357358222865454,
                                                                      class_weight='balanced',
                                                                      max_iter=100000,
                                                                      n_jobs=2,
                                                                      penalty='l1',
                                                                      random_state=120,
                                                                      solver='saga'),
                                             number=25,
                                             scaling_indicator='yes'))])",no,no,Sum,,Lasso,25.0,yes,0.4665441296682013,0.3113633036458483,0.21867075057882232,0.41472951363549065,0.4665441296682013,0.2904877914822835,0.2086023779443457,0.05131431904518607,0.32597372256822643,0.2904877914822835,COMPLETE
