number,value,datetime_start,datetime_complete,duration,params_balancing,params_ccp_alpha,params_class_weight,params_contrast_method,params_feature_selection,params_n_estimators,params_n_jobs,params_number_features,user_attrs_Pipeline,user_attrs_balancing_indicator,user_attrs_cluster_indicator,user_attrs_contrast_encoding_method,user_attrs_damping,user_attrs_feature_selection,user_attrs_number_features,user_attrs_scaling_indicator,user_attrs_train_balanced_accuracy,user_attrs_train_f1_score,user_attrs_train_matthews_corrcoef,user_attrs_train_precision_score,user_attrs_train_recall_score,user_attrs_val_balanced_accuracy,user_attrs_val_f1_score,user_attrs_val_matthews_corrcoef,user_attrs_val_precision_score,user_attrs_val_recall_score,state
0,0.03225302973161386,2022-10-19 09:43:27.222540,2022-10-19 09:43:32.468049,0 days 00:00:05.245509,no,0.06779555482085757,balanced_subsample,Helmert,FeatureWiz,100,2,,"Pipeline(memory='Caching',
         steps=[['feature_engine', FeatureEngineTransformer()],
                ['interval_encoding', IntervalDataTransformer()],
                ['binary_encoding', BinaryDataTransformer()],
                ['ordinal_encoding', OrdinalDataTransformer()],
                ['contrast_data',
                 HelmertEncoder(cols=['Fruitveg_ytd', 'Number_people_household',
                                      'Sports_in_week', 'Internet_in_week',
                                      'Tired_in_week', 'C...
                                       'Timestamp_day_of_year',
                                       'Birth_Date_month', 'Birth_Date_quarter',
                                       'Birth_Date_week',
                                       'Birth_Date_day_of_week',
                                       'Birth_Date_day_of_month',
                                       'Birth_Date_day_of_year'],
                                 drop_invariant=True)],
                ('featureselection',
                 FeatureSelectionTransformer(method='FeatureWiz',
                                             model=ExtraTreesClassifier(ccp_alpha=0.06779555482085757,
                                                                        class_weight='balanced_subsample',
                                                                        n_jobs=2,
                                                                        random_state=120)))])",no,no,Helmert,,FeatureWiz,,no,0.25,0.0316531437511282,0.0,0.01694746819960861,0.25,0.25,0.03225302973161386,0.0,0.0172781352124183,0.25,COMPLETE
1,0.03225302973161386,2022-10-19 09:43:32.624374,2022-10-19 09:43:37.995733,0 days 00:00:05.371359,no,0.05954774279919228,balanced,Polynomial,FeatureWiz,100,2,,"Pipeline(memory='Caching',
         steps=[['feature_engine', FeatureEngineTransformer()],
                ['interval_encoding', IntervalDataTransformer()],
                ['binary_encoding', BinaryDataTransformer()],
                ['ordinal_encoding', OrdinalDataTransformer()],
                ['contrast_data',
                 PolynomialEncoder(cols=['Fruitveg_ytd',
                                         'Number_people_household',
                                         'Sports_in_week', 'Internet_in_week',
                                         'Tired_in_week'...
                                       'Timestamp_day_of_year',
                                       'Birth_Date_month', 'Birth_Date_quarter',
                                       'Birth_Date_week',
                                       'Birth_Date_day_of_week',
                                       'Birth_Date_day_of_month',
                                       'Birth_Date_day_of_year'],
                                 drop_invariant=True)],
                ('featureselection',
                 FeatureSelectionTransformer(method='FeatureWiz',
                                             model=ExtraTreesClassifier(ccp_alpha=0.05954774279919228,
                                                                        class_weight='balanced',
                                                                        n_jobs=2,
                                                                        random_state=120)))])",no,no,Polynomial,,FeatureWiz,,no,0.25,0.0316531437511282,0.0,0.01694746819960861,0.25,0.25,0.03225302973161386,0.0,0.0172781352124183,0.25,COMPLETE
2,0.03225302973161386,2022-10-19 09:43:38.144886,2022-10-19 09:43:40.494496,0 days 00:00:02.349610,no,0.07102534684712332,balanced_subsample,Helmert,ANOVA,100,2,23.0,"Pipeline(memory='Caching',
         steps=[['feature_engine', FeatureEngineTransformer()],
                ['interval_encoding', IntervalDataTransformer()],
                ['binary_encoding', BinaryDataTransformer()],
                ['ordinal_encoding', OrdinalDataTransformer()],
                ['contrast_data',
                 HelmertEncoder(cols=['Fruitveg_ytd', 'Number_people_household',
                                      'Sports_in_week', 'Internet_in_week',
                                      'Tired_in_week', 'C...
                                       'Birth_Date_month', 'Birth_Date_quarter',
                                       'Birth_Date_week',
                                       'Birth_Date_day_of_week',
                                       'Birth_Date_day_of_month',
                                       'Birth_Date_day_of_year'],
                                 drop_invariant=True)],
                ('featureselection',
                 FeatureSelectionTransformer(method='ANOVA',
                                             model=ExtraTreesClassifier(ccp_alpha=0.07102534684712332,
                                                                        class_weight='balanced_subsample',
                                                                        n_jobs=2,
                                                                        random_state=120),
                                             number=23))])",no,no,Helmert,,ANOVA,23.0,no,0.25,0.0316531437511282,0.0,0.01694746819960861,0.25,0.25,0.03225302973161386,0.0,0.0172781352124183,0.25,COMPLETE
3,0.028685135540652208,2022-10-19 09:43:40.645136,2022-10-19 09:43:45.317652,0 days 00:00:04.672516,smoteen,0.0786534614264168,balanced_subsample,Sum,FeatureImportance_ET,100,2,14.0,"Pipeline(memory='Caching',
         steps=[('smote', SMOTEN(n_jobs=2, random_state=120)),
                ['feature_engine', FeatureEngineTransformer()],
                ['interval_encoding', IntervalDataTransformer()],
                ['binary_encoding', BinaryDataTransformer()],
                ['ordinal_encoding', OrdinalDataTransformer()],
                ['contrast_data',
                 SumEncoder(cols=['Fruitveg_ytd', 'Number_people_household',
                                  'Sports_in_wee...
                                       'Birth_Date_month', 'Birth_Date_quarter',
                                       'Birth_Date_week',
                                       'Birth_Date_day_of_week',
                                       'Birth_Date_day_of_month',
                                       'Birth_Date_day_of_year'],
                                 drop_invariant=True)],
                ('featureselection',
                 FeatureSelectionTransformer(method='FeatureImportance_ET',
                                             model=ExtraTreesClassifier(ccp_alpha=0.0786534614264168,
                                                                        class_weight='balanced_subsample',
                                                                        n_jobs=2,
                                                                        random_state=120),
                                             number=14))])",smoteen,no,Sum,,FeatureImportance_ET,14.0,no,0.30941840230939405,0.08531131571501194,0.039281887197122105,0.22613366274705116,0.30941840230939405,0.25,0.028685135540652208,-0.0019338699127085378,0.015494549019396994,0.25,COMPLETE
4,0.26261526031305055,2022-10-19 09:43:45.462602,2022-10-19 09:43:47.872827,0 days 00:00:02.410225,no,0.023982353401981737,balanced_subsample,Sum,ANOVA,100,2,21.0,"Pipeline(memory='Caching',
         steps=[['feature_engine', FeatureEngineTransformer()],
                ['interval_encoding', IntervalDataTransformer()],
                ['binary_encoding', BinaryDataTransformer()],
                ['ordinal_encoding', OrdinalDataTransformer()],
                ['contrast_data',
                 SumEncoder(cols=['Fruitveg_ytd', 'Number_people_household',
                                  'Sports_in_week', 'Internet_in_week',
                                  'Tired_in_week', 'Conce...
                                       'Birth_Date_month', 'Birth_Date_quarter',
                                       'Birth_Date_week',
                                       'Birth_Date_day_of_week',
                                       'Birth_Date_day_of_month',
                                       'Birth_Date_day_of_year'],
                                 drop_invariant=True)],
                ('featureselection',
                 FeatureSelectionTransformer(method='ANOVA',
                                             model=ExtraTreesClassifier(ccp_alpha=0.023982353401981737,
                                                                        class_weight='balanced_subsample',
                                                                        n_jobs=2,
                                                                        random_state=120),
                                             number=21))])",no,no,Sum,,ANOVA,21.0,no,0.574652792766057,0.3992280335307257,0.2855730823062019,0.39370224051359176,0.574652792766057,0.3242749122109587,0.26261526031305055,0.11319112583315248,0.27627803921871635,0.3242749122109587,COMPLETE
5,0.16077355929524365,2022-10-19 09:43:48.033207,2022-10-19 09:44:06.243923,0 days 00:00:18.210716,smoteen,0.02106551571630424,balanced_subsample,Backward Difference,Lasso,100,2,25.0,"Pipeline(memory='Caching',
         steps=[('smote', SMOTEN(n_jobs=2, random_state=120)),
                ['feature_engine', FeatureEngineTransformer()],
                ['interval_encoding', IntervalDataTransformer()],
                ['binary_encoding', BinaryDataTransformer()],
                ['ordinal_encoding', OrdinalDataTransformer()],
                ['contrast_data',
                 BackwardDifferenceEncoder(cols=['Fruitveg_ytd',
                                                 'Number_people_household'...
                                       'Birth_Date_month', 'Birth_Date_quarter',
                                       'Birth_Date_week',
                                       'Birth_Date_day_of_week',
                                       'Birth_Date_day_of_month',
                                       'Birth_Date_day_of_year'],
                                 drop_invariant=True)],
                ('featureselection',
                 FeatureSelectionTransformer(method='Lasso',
                                             model=ExtraTreesClassifier(ccp_alpha=0.02106551571630424,
                                                                        class_weight='balanced_subsample',
                                                                        n_jobs=2,
                                                                        random_state=120),
                                             number=25))])",smoteen,no,Backward Difference,,Lasso,25.0,no,0.4485569996762531,0.27353221283691614,0.14497828369255747,0.3103074433236392,0.4485569996762531,0.29586908390202965,0.16077355929524365,0.04058178536718822,0.29266620734638,0.29586908390202965,COMPLETE
6,0.039477917465613764,2022-10-19 09:44:06.386408,2022-10-19 09:44:12.416665,0 days 00:00:06.030257,smoteen,0.04738402156342736,balanced,Sum,MutualInformation,100,2,12.0,"Pipeline(memory='Caching',
         steps=[('smote', SMOTEN(n_jobs=2, random_state=120)),
                ['feature_engine', FeatureEngineTransformer()],
                ['interval_encoding', IntervalDataTransformer()],
                ['binary_encoding', BinaryDataTransformer()],
                ['ordinal_encoding', OrdinalDataTransformer()],
                ['contrast_data',
                 SumEncoder(cols=['Fruitveg_ytd', 'Number_people_household',
                                  'Sports_in_wee...
                                       'Birth_Date_month', 'Birth_Date_quarter',
                                       'Birth_Date_week',
                                       'Birth_Date_day_of_week',
                                       'Birth_Date_day_of_month',
                                       'Birth_Date_day_of_year'],
                                 drop_invariant=True)],
                ('featureselection',
                 FeatureSelectionTransformer(method='MutualInformation',
                                             model=ExtraTreesClassifier(ccp_alpha=0.04738402156342736,
                                                                        class_weight='balanced',
                                                                        n_jobs=2,
                                                                        random_state=120),
                                             number=12))])",smoteen,no,Sum,,MutualInformation,12.0,no,0.29791728118611244,0.08357395478907337,0.029162603513784968,0.2439036226031173,0.29791728118611244,0.24337137525122024,0.039477917465613764,-0.00259772529015893,0.1755728946976012,0.24337137525122024,COMPLETE
7,0.2393059273010322,2022-10-19 09:44:12.575647,2022-10-19 09:44:20.091186,0 days 00:00:07.515539,smoteen,0.017330667004672673,balanced,Polynomial,FeatureWiz,100,2,,"Pipeline(memory='Caching',
         steps=[('smote', SMOTEN(n_jobs=2, random_state=120)),
                ['feature_engine', FeatureEngineTransformer()],
                ['interval_encoding', IntervalDataTransformer()],
                ['binary_encoding', BinaryDataTransformer()],
                ['ordinal_encoding', OrdinalDataTransformer()],
                ['contrast_data',
                 PolynomialEncoder(cols=['Fruitveg_ytd',
                                         'Number_people_household',
                                         'Sports...
                                       'Timestamp_day_of_year',
                                       'Birth_Date_month', 'Birth_Date_quarter',
                                       'Birth_Date_week',
                                       'Birth_Date_day_of_week',
                                       'Birth_Date_day_of_month',
                                       'Birth_Date_day_of_year'],
                                 drop_invariant=True)],
                ('featureselection',
                 FeatureSelectionTransformer(method='FeatureWiz',
                                             model=ExtraTreesClassifier(ccp_alpha=0.017330667004672673,
                                                                        class_weight='balanced',
                                                                        n_jobs=2,
                                                                        random_state=120)))])",smoteen,no,Polynomial,,FeatureWiz,,no,0.4910270980593176,0.4840801773373003,0.28754622396102697,0.5405230758551449,0.4910270980593176,0.2547181088363259,0.2393059273010322,0.02073434411445231,0.2556696815143039,0.2547181088363259,COMPLETE
8,0.03093626768406617,2022-10-19 09:44:20.228197,2022-10-19 09:44:25.689799,0 days 00:00:05.461602,smoteen,0.002101327164955569,balanced_subsample,Sum,FeatureImportance_ET,100,2,16.0,"Pipeline(memory='Caching',
         steps=[('smote', SMOTEN(n_jobs=2, random_state=120)),
                ['feature_engine', FeatureEngineTransformer()],
                ['interval_encoding', IntervalDataTransformer()],
                ['binary_encoding', BinaryDataTransformer()],
                ['ordinal_encoding', OrdinalDataTransformer()],
                ['contrast_data',
                 SumEncoder(cols=['Fruitveg_ytd', 'Number_people_household',
                                  'Sports_in_wee...
                                       'Birth_Date_month', 'Birth_Date_quarter',
                                       'Birth_Date_week',
                                       'Birth_Date_day_of_week',
                                       'Birth_Date_day_of_month',
                                       'Birth_Date_day_of_year'],
                                 drop_invariant=True)],
                ('featureselection',
                 FeatureSelectionTransformer(method='FeatureImportance_ET',
                                             model=ExtraTreesClassifier(ccp_alpha=0.002101327164955569,
                                                                        class_weight='balanced_subsample',
                                                                        n_jobs=2,
                                                                        random_state=120),
                                             number=16))])",smoteen,no,Sum,,FeatureImportance_ET,16.0,no,0.3301558181502065,0.11880173232169326,0.07234541540331035,0.2156519835957332,0.3301558181502065,0.24691358024691357,0.03093626768406617,-0.006847108854808947,0.10018929169199793,0.24691358024691357,COMPLETE
9,0.17171167212890018,2022-10-19 09:44:25.844330,2022-10-19 09:44:45.509973,0 days 00:00:19.665643,no,0.03817090989782523,balanced_subsample,Sum,BorutaShap,100,2,,"Pipeline(memory='Caching',
         steps=[['feature_engine', FeatureEngineTransformer()],
                ['interval_encoding', IntervalDataTransformer()],
                ['binary_encoding', BinaryDataTransformer()],
                ['ordinal_encoding', OrdinalDataTransformer()],
                ['contrast_data',
                 SumEncoder(cols=['Fruitveg_ytd', 'Number_people_household',
                                  'Sports_in_week', 'Internet_in_week',
                                  'Tired_in_week', 'Conce...
                                       'Timestamp_day_of_year',
                                       'Birth_Date_month', 'Birth_Date_quarter',
                                       'Birth_Date_week',
                                       'Birth_Date_day_of_week',
                                       'Birth_Date_day_of_month',
                                       'Birth_Date_day_of_year'],
                                 drop_invariant=True)],
                ('featureselection',
                 FeatureSelectionTransformer(method='BorutaShap',
                                             model=ExtraTreesClassifier(ccp_alpha=0.03817090989782523,
                                                                        class_weight='balanced_subsample',
                                                                        n_jobs=2,
                                                                        random_state=120)))])",no,no,Sum,,BorutaShap,,no,0.3116867547078185,0.19433190959413024,0.0969415705943059,0.1837826859275158,0.3116867547078185,0.26458871662360034,0.17171167212890018,0.06137830752360308,0.16506762941919192,0.26458871662360034,COMPLETE
10,0.26980938601120924,2022-10-19 09:44:45.663477,2022-10-19 09:44:48.061262,0 days 00:00:02.397785,no,0.005153596134930036,balanced_subsample,Sum,ANOVA,100,2,17.0,"Pipeline(memory='Caching',
         steps=[['feature_engine', FeatureEngineTransformer()],
                ['interval_encoding', IntervalDataTransformer()],
                ['binary_encoding', BinaryDataTransformer()],
                ['ordinal_encoding', OrdinalDataTransformer()],
                ['contrast_data',
                 SumEncoder(cols=['Fruitveg_ytd', 'Number_people_household',
                                  'Sports_in_week', 'Internet_in_week',
                                  'Tired_in_week', 'Conce...
                                       'Birth_Date_month', 'Birth_Date_quarter',
                                       'Birth_Date_week',
                                       'Birth_Date_day_of_week',
                                       'Birth_Date_day_of_month',
                                       'Birth_Date_day_of_year'],
                                 drop_invariant=True)],
                ('featureselection',
                 FeatureSelectionTransformer(method='ANOVA',
                                             model=ExtraTreesClassifier(ccp_alpha=0.005153596134930036,
                                                                        class_weight='balanced_subsample',
                                                                        n_jobs=2,
                                                                        random_state=120),
                                             number=17))])",no,no,Sum,,ANOVA,17.0,no,0.8919607254626882,0.7516139641021459,0.6606121398303856,0.6742441127288848,0.8919607254626882,0.2998988217495969,0.26980938601120924,0.13522778855383946,0.27644513971660634,0.2998988217495969,COMPLETE
11,0.317474053524841,2022-10-19 09:44:48.218810,2022-10-19 09:44:50.891562,0 days 00:00:02.672752,no,0.019876555227097473,balanced,Sum,ANOVA,100,2,3.0,"Pipeline(memory='Caching',
         steps=[['feature_engine', FeatureEngineTransformer()],
                ['interval_encoding', IntervalDataTransformer()],
                ['binary_encoding', BinaryDataTransformer()],
                ['ordinal_encoding', OrdinalDataTransformer()],
                ['contrast_data',
                 SumEncoder(cols=['Fruitveg_ytd', 'Number_people_household',
                                  'Sports_in_week', 'Internet_in_week',
                                  'Tired_in_week', 'Conce...
                                       'Timestamp_day_of_year',
                                       'Birth_Date_month', 'Birth_Date_quarter',
                                       'Birth_Date_week',
                                       'Birth_Date_day_of_week',
                                       'Birth_Date_day_of_month',
                                       'Birth_Date_day_of_year'],
                                 drop_invariant=True)],
                ('featureselection',
                 FeatureSelectionTransformer(method='ANOVA',
                                             model=ExtraTreesClassifier(ccp_alpha=0.019876555227097473,
                                                                        class_weight='balanced',
                                                                        n_jobs=2,
                                                                        random_state=120),
                                             number=3))])",no,no,Sum,,ANOVA,3.0,no,0.5220553614573403,0.3826831932030217,0.2536979658027257,0.36466582647934404,0.5220553614573403,0.3807216093553303,0.317474053524841,0.19064941354967532,0.3208931909266748,0.3807216093553303,COMPLETE
12,0.29873883359829195,2022-10-19 09:44:51.084364,2022-10-19 09:44:54.460747,0 days 00:00:03.376383,no,0.002558377212849232,balanced,Sum,MutualInformation,100,2,13.0,"Pipeline(memory='Caching',
         steps=[['feature_engine', FeatureEngineTransformer()],
                ['interval_encoding', IntervalDataTransformer()],
                ['binary_encoding', BinaryDataTransformer()],
                ['ordinal_encoding', OrdinalDataTransformer()],
                ['contrast_data',
                 SumEncoder(cols=['Fruitveg_ytd', 'Number_people_household',
                                  'Sports_in_week', 'Internet_in_week',
                                  'Tired_in_week', 'Conce...
                                       'Birth_Date_month', 'Birth_Date_quarter',
                                       'Birth_Date_week',
                                       'Birth_Date_day_of_week',
                                       'Birth_Date_day_of_month',
                                       'Birth_Date_day_of_year'],
                                 drop_invariant=True)],
                ('featureselection',
                 FeatureSelectionTransformer(method='MutualInformation',
                                             model=ExtraTreesClassifier(ccp_alpha=0.002558377212849232,
                                                                        class_weight='balanced',
                                                                        n_jobs=2,
                                                                        random_state=120),
                                             number=13))])",no,no,Sum,,MutualInformation,13.0,no,0.9735125519343873,0.9140161273768802,0.8803788732220627,0.8671481889147999,0.9735125519343873,0.30497830119923147,0.29873883359829195,0.09424431812320798,0.2996058344835519,0.30497830119923147,COMPLETE
13,0.251582137674258,2022-10-19 09:44:54.628762,2022-10-19 09:44:58.079700,0 days 00:00:03.450938,no,0.009097419486804061,balanced,Sum,MutualInformation,100,2,2.0,"Pipeline(memory='Caching',
         steps=[['feature_engine', FeatureEngineTransformer()],
                ['interval_encoding', IntervalDataTransformer()],
                ['binary_encoding', BinaryDataTransformer()],
                ['ordinal_encoding', OrdinalDataTransformer()],
                ['contrast_data',
                 SumEncoder(cols=['Fruitveg_ytd', 'Number_people_household',
                                  'Sports_in_week', 'Internet_in_week',
                                  'Tired_in_week', 'Conce...
                                       'Birth_Date_month', 'Birth_Date_quarter',
                                       'Birth_Date_week',
                                       'Birth_Date_day_of_week',
                                       'Birth_Date_day_of_month',
                                       'Birth_Date_day_of_year'],
                                 drop_invariant=True)],
                ('featureselection',
                 FeatureSelectionTransformer(method='MutualInformation',
                                             model=ExtraTreesClassifier(ccp_alpha=0.009097419486804061,
                                                                        class_weight='balanced',
                                                                        n_jobs=2,
                                                                        random_state=120),
                                             number=2))])",no,no,Sum,,MutualInformation,2.0,no,0.5492705766590525,0.36585713518331503,0.23827240564323618,0.40789869500469006,0.5492705766590525,0.3327817531305904,0.251582137674258,0.1254368675733336,0.2865829639390087,0.3327817531305904,COMPLETE
14,0.22859158516980416,2022-10-19 09:44:58.241636,2022-10-19 09:45:01.901386,0 days 00:00:03.659750,no,0.033683606452848666,None,Helmert,MutualInformation,100,2,5.0,"Pipeline(memory='Caching',
         steps=[['feature_engine', FeatureEngineTransformer()],
                ['interval_encoding', IntervalDataTransformer()],
                ['binary_encoding', BinaryDataTransformer()],
                ['ordinal_encoding', OrdinalDataTransformer()],
                ['contrast_data',
                 HelmertEncoder(cols=['Fruitveg_ytd', 'Number_people_household',
                                      'Sports_in_week', 'Internet_in_week',
                                      'Tired_in_week', 'C...
                                       'Timestamp_day_of_year',
                                       'Birth_Date_month', 'Birth_Date_quarter',
                                       'Birth_Date_week',
                                       'Birth_Date_day_of_week',
                                       'Birth_Date_day_of_month',
                                       'Birth_Date_day_of_year'],
                                 drop_invariant=True)],
                ('featureselection',
                 FeatureSelectionTransformer(method='MutualInformation',
                                             model=ExtraTreesClassifier(ccp_alpha=0.033683606452848666,
                                                                        n_jobs=2,
                                                                        random_state=120),
                                             number=5))])",no,no,Helmert,,MutualInformation,5.0,no,0.25,0.22859163282347905,0.0,0.21056069848744294,0.25,0.25,0.22859158516980416,0.0,0.21056091707516342,0.25,COMPLETE
15,0.23873626312853943,2022-10-19 09:45:02.064810,2022-10-19 09:45:05.047660,0 days 00:00:02.982850,no,0.03728891346436566,balanced,Sum,FeatureImportance_ET,100,2,7.0,"Pipeline(memory='Caching',
         steps=[['feature_engine', FeatureEngineTransformer()],
                ['interval_encoding', IntervalDataTransformer()],
                ['binary_encoding', BinaryDataTransformer()],
                ['ordinal_encoding', OrdinalDataTransformer()],
                ['contrast_data',
                 SumEncoder(cols=['Fruitveg_ytd', 'Number_people_household',
                                  'Sports_in_week', 'Internet_in_week',
                                  'Tired_in_week', 'Conce...
                                       'Birth_Date_month', 'Birth_Date_quarter',
                                       'Birth_Date_week',
                                       'Birth_Date_day_of_week',
                                       'Birth_Date_day_of_month',
                                       'Birth_Date_day_of_year'],
                                 drop_invariant=True)],
                ('featureselection',
                 FeatureSelectionTransformer(method='FeatureImportance_ET',
                                             model=ExtraTreesClassifier(ccp_alpha=0.03728891346436566,
                                                                        class_weight='balanced',
                                                                        n_jobs=2,
                                                                        random_state=120),
                                             number=7))])",no,no,Sum,,FeatureImportance_ET,7.0,no,0.35330508417417583,0.2668621524476456,0.14496642383396335,0.26093563377948287,0.35330508417417583,0.27645887166236005,0.23873626312853943,0.10148166529439225,0.2386813096707463,0.27645887166236005,COMPLETE
16,0.23013479006897733,2022-10-19 09:45:05.201066,2022-10-19 09:45:07.539927,0 days 00:00:02.338861,no,0.0011297791148771434,balanced,Polynomial,ANOVA,100,2,1.0,"Pipeline(memory='Caching',
         steps=[['feature_engine', FeatureEngineTransformer()],
                ['interval_encoding', IntervalDataTransformer()],
                ['binary_encoding', BinaryDataTransformer()],
                ['ordinal_encoding', OrdinalDataTransformer()],
                ['contrast_data',
                 PolynomialEncoder(cols=['Fruitveg_ytd',
                                         'Number_people_household',
                                         'Sports_in_week', 'Internet_in_week',
                                         'Tired_in_week'...
                                       'Timestamp_day_of_year',
                                       'Birth_Date_month', 'Birth_Date_quarter',
                                       'Birth_Date_week',
                                       'Birth_Date_day_of_week',
                                       'Birth_Date_day_of_month',
                                       'Birth_Date_day_of_year'],
                                 drop_invariant=True)],
                ('featureselection',
                 FeatureSelectionTransformer(method='ANOVA',
                                             model=ExtraTreesClassifier(ccp_alpha=0.0011297791148771434,
                                                                        class_weight='balanced',
                                                                        n_jobs=2,
                                                                        random_state=120),
                                             number=1))])",no,no,Polynomial,,ANOVA,1.0,no,0.43883224443485197,0.2968932301951354,0.17927884319153253,0.41484638495629733,0.43883224443485197,0.2691987455553347,0.23013479006897733,0.08419851780231385,0.3914732785172224,0.2691987455553347,COMPLETE
17,0.03225302973161386,2022-10-19 09:45:07.687287,2022-10-19 09:45:09.969107,0 days 00:00:02.281820,no,0.0500704587835909,balanced,Backward Difference,ANOVA,100,2,10.0,"Pipeline(memory='Caching',
         steps=[['feature_engine', FeatureEngineTransformer()],
                ['interval_encoding', IntervalDataTransformer()],
                ['binary_encoding', BinaryDataTransformer()],
                ['ordinal_encoding', OrdinalDataTransformer()],
                ['contrast_data',
                 BackwardDifferenceEncoder(cols=['Fruitveg_ytd',
                                                 'Number_people_household',
                                                 'Sports_in_week',
                                                 'Internet_in_week',
                                                 'Tired_...
                                       'Timestamp_day_of_year',
                                       'Birth_Date_month', 'Birth_Date_quarter',
                                       'Birth_Date_week',
                                       'Birth_Date_day_of_week',
                                       'Birth_Date_day_of_month',
                                       'Birth_Date_day_of_year'],
                                 drop_invariant=True)],
                ('featureselection',
                 FeatureSelectionTransformer(method='ANOVA',
                                             model=ExtraTreesClassifier(ccp_alpha=0.0500704587835909,
                                                                        class_weight='balanced',
                                                                        n_jobs=2,
                                                                        random_state=120),
                                             number=10))])",no,no,Backward Difference,,ANOVA,10.0,no,0.25,0.0316531437511282,0.0,0.01694746819960861,0.25,0.25,0.03225302973161386,0.0,0.0172781352124183,0.25,COMPLETE
18,0.22859158516980416,2022-10-19 09:45:10.110542,2022-10-19 09:45:15.710629,0 days 00:00:05.600087,no,0.038291735325027235,None,Sum,Lasso,100,2,8.0,"Pipeline(memory='Caching',
         steps=[['feature_engine', FeatureEngineTransformer()],
                ['interval_encoding', IntervalDataTransformer()],
                ['binary_encoding', BinaryDataTransformer()],
                ['ordinal_encoding', OrdinalDataTransformer()],
                ['contrast_data',
                 SumEncoder(cols=['Fruitveg_ytd', 'Number_people_household',
                                  'Sports_in_week', 'Internet_in_week',
                                  'Tired_in_week', 'Conce...
                                       'Timestamp_day_of_month',
                                       'Timestamp_day_of_year',
                                       'Birth_Date_month', 'Birth_Date_quarter',
                                       'Birth_Date_week',
                                       'Birth_Date_day_of_week',
                                       'Birth_Date_day_of_month',
                                       'Birth_Date_day_of_year'],
                                 drop_invariant=True)],
                ('featureselection',
                 FeatureSelectionTransformer(method='Lasso',
                                             model=ExtraTreesClassifier(ccp_alpha=0.038291735325027235,
                                                                        n_jobs=2,
                                                                        random_state=120),
                                             number=8))])",no,no,Sum,,Lasso,8.0,no,0.25,0.22859163282347905,0.0,0.21056069848744294,0.25,0.25,0.22859158516980416,0.0,0.21056091707516342,0.25,COMPLETE
19,0.22859158516980416,2022-10-19 09:45:15.881656,2022-10-19 09:45:35.035983,0 days 00:00:19.154327,no,0.01037738184600997,None,Backward Difference,BorutaShap,100,2,,"Pipeline(memory='Caching',
         steps=[['feature_engine', FeatureEngineTransformer()],
                ['interval_encoding', IntervalDataTransformer()],
                ['binary_encoding', BinaryDataTransformer()],
                ['ordinal_encoding', OrdinalDataTransformer()],
                ['contrast_data',
                 BackwardDifferenceEncoder(cols=['Fruitveg_ytd',
                                                 'Number_people_household',
                                                 'Sports_in_week',
                                                 'Internet_in_week',
                                                 'Tired_...
                                       'Timestamp_day_of_month',
                                       'Timestamp_day_of_year',
                                       'Birth_Date_month', 'Birth_Date_quarter',
                                       'Birth_Date_week',
                                       'Birth_Date_day_of_week',
                                       'Birth_Date_day_of_month',
                                       'Birth_Date_day_of_year'],
                                 drop_invariant=True)],
                ('featureselection',
                 FeatureSelectionTransformer(method='BorutaShap',
                                             model=ExtraTreesClassifier(ccp_alpha=0.01037738184600997,
                                                                        n_jobs=2,
                                                                        random_state=120)))])",no,no,Backward Difference,,BorutaShap,,no,0.25,0.22859163282347905,0.0,0.21056069848744294,0.25,0.25,0.22859158516980416,0.0,0.21056091707516342,0.25,COMPLETE
20,0.2859420134195176,2022-10-19 09:45:35.184293,2022-10-19 09:45:53.886634,0 days 00:00:18.702341,no,0.0031783521911508917,balanced,Sum,BorutaShap,100,2,,"Pipeline(memory='Caching',
         steps=[['feature_engine', FeatureEngineTransformer()],
                ['interval_encoding', IntervalDataTransformer()],
                ['binary_encoding', BinaryDataTransformer()],
                ['ordinal_encoding', OrdinalDataTransformer()],
                ['contrast_data',
                 SumEncoder(cols=['Fruitveg_ytd', 'Number_people_household',
                                  'Sports_in_week', 'Internet_in_week',
                                  'Tired_in_week', 'Conce...
                                       'Timestamp_day_of_year',
                                       'Birth_Date_month', 'Birth_Date_quarter',
                                       'Birth_Date_week',
                                       'Birth_Date_day_of_week',
                                       'Birth_Date_day_of_month',
                                       'Birth_Date_day_of_year'],
                                 drop_invariant=True)],
                ('featureselection',
                 FeatureSelectionTransformer(method='BorutaShap',
                                             model=ExtraTreesClassifier(ccp_alpha=0.0031783521911508917,
                                                                        class_weight='balanced',
                                                                        n_jobs=2,
                                                                        random_state=120)))])",no,no,Sum,,BorutaShap,,no,0.6148415251773113,0.46479060175450204,0.36302092320896584,0.5392681330854842,0.6148415251773113,0.33383052850107114,0.2859420134195176,0.11722205522075722,0.42045009324718724,0.33383052850107114,COMPLETE
21,0.2778178914193799,2022-10-19 09:45:54.051267,2022-10-19 09:46:12.976904,0 days 00:00:18.925637,no,0.01526524897132124,balanced,Sum,BorutaShap,100,2,,"Pipeline(memory='Caching',
         steps=[['feature_engine', FeatureEngineTransformer()],
                ['interval_encoding', IntervalDataTransformer()],
                ['binary_encoding', BinaryDataTransformer()],
                ['ordinal_encoding', OrdinalDataTransformer()],
                ['contrast_data',
                 SumEncoder(cols=['Fruitveg_ytd', 'Number_people_household',
                                  'Sports_in_week', 'Internet_in_week',
                                  'Tired_in_week', 'Conce...
                                       'Timestamp_day_of_year',
                                       'Birth_Date_month', 'Birth_Date_quarter',
                                       'Birth_Date_week',
                                       'Birth_Date_day_of_week',
                                       'Birth_Date_day_of_month',
                                       'Birth_Date_day_of_year'],
                                 drop_invariant=True)],
                ('featureselection',
                 FeatureSelectionTransformer(method='BorutaShap',
                                             model=ExtraTreesClassifier(ccp_alpha=0.01526524897132124,
                                                                        class_weight='balanced',
                                                                        n_jobs=2,
                                                                        random_state=120)))])",no,no,Sum,,BorutaShap,,no,0.47064058781033236,0.3436472808301439,0.2184371151416656,0.344200270333518,0.47064058781033236,0.3536148103977561,0.2778178914193799,0.1480022981937851,0.2939726350129899,0.3536148103977561,COMPLETE
22,0.24152969341275562,2022-10-19 09:46:13.130106,2022-10-19 09:46:15.534325,0 days 00:00:02.404219,no,0.03414201911771738,balanced,Sum,ANOVA,100,2,30.0,"Pipeline(memory='Caching',
         steps=[['feature_engine', FeatureEngineTransformer()],
                ['interval_encoding', IntervalDataTransformer()],
                ['binary_encoding', BinaryDataTransformer()],
                ['ordinal_encoding', OrdinalDataTransformer()],
                ['contrast_data',
                 SumEncoder(cols=['Fruitveg_ytd', 'Number_people_household',
                                  'Sports_in_week', 'Internet_in_week',
                                  'Tired_in_week', 'Conce...
                                       'Timestamp_day_of_year',
                                       'Birth_Date_month', 'Birth_Date_quarter',
                                       'Birth_Date_week',
                                       'Birth_Date_day_of_week',
                                       'Birth_Date_day_of_month',
                                       'Birth_Date_day_of_year'],
                                 drop_invariant=True)],
                ('featureselection',
                 FeatureSelectionTransformer(method='ANOVA',
                                             model=ExtraTreesClassifier(ccp_alpha=0.03414201911771738,
                                                                        class_weight='balanced',
                                                                        n_jobs=2,
                                                                        random_state=120),
                                             number=30))])",no,no,Sum,,ANOVA,30.0,no,0.38262752027914165,0.27965558522737516,0.1309851907843128,0.337993110512381,0.38262752027914165,0.29676560878111263,0.24152969341275562,0.10692660450022302,0.3653730836141309,0.29676560878111263,COMPLETE
23,0.2955576921063505,2022-10-19 09:46:15.680470,2022-10-19 09:46:21.102679,0 days 00:00:05.422209,no,0.0071102986953394415,balanced,Helmert,FeatureWiz,100,2,,"Pipeline(memory='Caching',
         steps=[['feature_engine', FeatureEngineTransformer()],
                ['interval_encoding', IntervalDataTransformer()],
                ['binary_encoding', BinaryDataTransformer()],
                ['ordinal_encoding', OrdinalDataTransformer()],
                ['contrast_data',
                 HelmertEncoder(cols=['Fruitveg_ytd', 'Number_people_household',
                                      'Sports_in_week', 'Internet_in_week',
                                      'Tired_in_week', 'C...
                                       'Timestamp_day_of_year',
                                       'Birth_Date_month', 'Birth_Date_quarter',
                                       'Birth_Date_week',
                                       'Birth_Date_day_of_week',
                                       'Birth_Date_day_of_month',
                                       'Birth_Date_day_of_year'],
                                 drop_invariant=True)],
                ('featureselection',
                 FeatureSelectionTransformer(method='FeatureWiz',
                                             model=ExtraTreesClassifier(ccp_alpha=0.0071102986953394415,
                                                                        class_weight='balanced',
                                                                        n_jobs=2,
                                                                        random_state=120)))])",no,no,Helmert,,FeatureWiz,,no,0.9565901589956655,0.8220152360847162,0.7414945618413936,0.7444032728345386,0.9565901589956655,0.3063372369089423,0.2955576921063505,0.17378694950686543,0.297138860481385,0.3063372369089423,COMPLETE
24,0.2963886603757098,2022-10-19 09:46:21.266445,2022-10-19 09:46:26.479278,0 days 00:00:05.212833,no,0.010144489684410923,balanced,Helmert,FeatureWiz,100,2,,"Pipeline(memory='Caching',
         steps=[['feature_engine', FeatureEngineTransformer()],
                ['interval_encoding', IntervalDataTransformer()],
                ['binary_encoding', BinaryDataTransformer()],
                ['ordinal_encoding', OrdinalDataTransformer()],
                ['contrast_data',
                 HelmertEncoder(cols=['Fruitveg_ytd', 'Number_people_household',
                                      'Sports_in_week', 'Internet_in_week',
                                      'Tired_in_week', 'C...
                                       'Timestamp_day_of_year',
                                       'Birth_Date_month', 'Birth_Date_quarter',
                                       'Birth_Date_week',
                                       'Birth_Date_day_of_week',
                                       'Birth_Date_day_of_month',
                                       'Birth_Date_day_of_year'],
                                 drop_invariant=True)],
                ('featureselection',
                 FeatureSelectionTransformer(method='FeatureWiz',
                                             model=ExtraTreesClassifier(ccp_alpha=0.010144489684410923,
                                                                        class_weight='balanced',
                                                                        n_jobs=2,
                                                                        random_state=120)))])",no,no,Helmert,,FeatureWiz,,no,0.9001264411230417,0.6887551385130825,0.5859764419151234,0.6032409439690541,0.9001264411230417,0.31985108990922945,0.2963886603757098,0.14843059453026086,0.2992752048681991,0.31985108990922945,COMPLETE
25,0.11378711994324975,2022-10-19 09:46:26.633105,2022-10-19 09:46:30.964454,0 days 00:00:04.331349,smoteen,0.005806232484001406,balanced,Sum,ANOVA,100,2,1.0,"Pipeline(memory='Caching',
         steps=[('smote', SMOTEN(n_jobs=2, random_state=120)),
                ['feature_engine', FeatureEngineTransformer()],
                ['interval_encoding', IntervalDataTransformer()],
                ['binary_encoding', BinaryDataTransformer()],
                ['ordinal_encoding', OrdinalDataTransformer()],
                ['contrast_data',
                 SumEncoder(cols=['Fruitveg_ytd', 'Number_people_household',
                                  'Sports_in_wee...
                                       'Timestamp_day_of_year',
                                       'Birth_Date_month', 'Birth_Date_quarter',
                                       'Birth_Date_week',
                                       'Birth_Date_day_of_week',
                                       'Birth_Date_day_of_month',
                                       'Birth_Date_day_of_year'],
                                 drop_invariant=True)],
                ('featureselection',
                 FeatureSelectionTransformer(method='ANOVA',
                                             model=ExtraTreesClassifier(ccp_alpha=0.005806232484001406,
                                                                        class_weight='balanced',
                                                                        n_jobs=2,
                                                                        random_state=120),
                                             number=1))])",smoteen,no,Sum,,ANOVA,1.0,no,0.3648559551430781,0.2123396696897195,0.13323449863066852,0.20783624983875684,0.3648559551430781,0.2596899224806202,0.11378711994324975,0.006445695726864008,0.09632236975986976,0.2596899224806202,COMPLETE
26,0.2473075348145978,2022-10-19 09:46:31.126759,2022-10-19 09:46:37.142515,0 days 00:00:06.015756,no,0.036458248267933695,balanced,Helmert,Lasso,100,2,10.0,"Pipeline(memory='Caching',
         steps=[['feature_engine', FeatureEngineTransformer()],
                ['interval_encoding', IntervalDataTransformer()],
                ['binary_encoding', BinaryDataTransformer()],
                ['ordinal_encoding', OrdinalDataTransformer()],
                ['contrast_data',
                 HelmertEncoder(cols=['Fruitveg_ytd', 'Number_people_household',
                                      'Sports_in_week', 'Internet_in_week',
                                      'Tired_in_week', 'C...
                                       'Timestamp_day_of_year',
                                       'Birth_Date_month', 'Birth_Date_quarter',
                                       'Birth_Date_week',
                                       'Birth_Date_day_of_week',
                                       'Birth_Date_day_of_month',
                                       'Birth_Date_day_of_year'],
                                 drop_invariant=True)],
                ('featureselection',
                 FeatureSelectionTransformer(method='Lasso',
                                             model=ExtraTreesClassifier(ccp_alpha=0.036458248267933695,
                                                                        class_weight='balanced',
                                                                        n_jobs=2,
                                                                        random_state=120),
                                             number=10))])",no,no,Helmert,,Lasso,10.0,no,0.4305988454528558,0.30713392813933765,0.17882729150590138,0.30393647101000326,0.4305988454528558,0.2923329523620221,0.2473075348145978,0.10658296321350645,0.25865841846333143,0.2923329523620221,COMPLETE
27,0.29727417528257943,2022-10-19 09:46:37.300840,2022-10-19 09:46:42.680231,0 days 00:00:05.379391,no,0.008148343448280852,balanced,Backward Difference,FeatureWiz,100,2,,"Pipeline(memory='Caching',
         steps=[['feature_engine', FeatureEngineTransformer()],
                ['interval_encoding', IntervalDataTransformer()],
                ['binary_encoding', BinaryDataTransformer()],
                ['ordinal_encoding', OrdinalDataTransformer()],
                ['contrast_data',
                 BackwardDifferenceEncoder(cols=['Fruitveg_ytd',
                                                 'Number_people_household',
                                                 'Sports_in_week',
                                                 'Internet_in_week',
                                                 'Tired_...
                                       'Timestamp_day_of_year',
                                       'Birth_Date_month', 'Birth_Date_quarter',
                                       'Birth_Date_week',
                                       'Birth_Date_day_of_week',
                                       'Birth_Date_day_of_month',
                                       'Birth_Date_day_of_year'],
                                 drop_invariant=True)],
                ('featureselection',
                 FeatureSelectionTransformer(method='FeatureWiz',
                                             model=ExtraTreesClassifier(ccp_alpha=0.008148343448280852,
                                                                        class_weight='balanced',
                                                                        n_jobs=2,
                                                                        random_state=120)))])",no,no,Backward Difference,,FeatureWiz,,no,0.9422238034856742,0.7626276218441724,0.6781815943826639,0.6749450969220575,0.9422238034856742,0.3144032001590141,0.29727417528257943,0.1386857768629369,0.2964914422466751,0.3144032001590141,COMPLETE
28,0.22332159514140051,2022-10-19 09:46:42.836028,2022-10-19 09:46:48.170072,0 days 00:00:05.334044,no,0.03026019821898211,balanced,Backward Difference,FeatureWiz,100,2,,"Pipeline(memory='Caching',
         steps=[['feature_engine', FeatureEngineTransformer()],
                ['interval_encoding', IntervalDataTransformer()],
                ['binary_encoding', BinaryDataTransformer()],
                ['ordinal_encoding', OrdinalDataTransformer()],
                ['contrast_data',
                 BackwardDifferenceEncoder(cols=['Fruitveg_ytd',
                                                 'Number_people_household',
                                                 'Sports_in_week',
                                                 'Internet_in_week',
                                                 'Tired_...
                                       'Timestamp_day_of_year',
                                       'Birth_Date_month', 'Birth_Date_quarter',
                                       'Birth_Date_week',
                                       'Birth_Date_day_of_week',
                                       'Birth_Date_day_of_month',
                                       'Birth_Date_day_of_year'],
                                 drop_invariant=True)],
                ('featureselection',
                 FeatureSelectionTransformer(method='FeatureWiz',
                                             model=ExtraTreesClassifier(ccp_alpha=0.03026019821898211,
                                                                        class_weight='balanced',
                                                                        n_jobs=2,
                                                                        random_state=120)))])",no,no,Backward Difference,,FeatureWiz,,no,0.42404607471956934,0.27661942170117076,0.16004481654160393,0.33639839843449976,0.42404607471956934,0.30983554738399705,0.22332159514140051,0.11537040719655177,0.2771234094497191,0.30983554738399705,COMPLETE
29,0.23350536221707918,2022-10-19 09:46:48.344276,2022-10-19 09:46:55.859873,0 days 00:00:07.515597,smoteen,0.008055200211278942,balanced,Backward Difference,FeatureWiz,100,2,,"Pipeline(memory='Caching',
         steps=[('smote', SMOTEN(n_jobs=2, random_state=120)),
                ['feature_engine', FeatureEngineTransformer()],
                ['interval_encoding', IntervalDataTransformer()],
                ['binary_encoding', BinaryDataTransformer()],
                ['ordinal_encoding', OrdinalDataTransformer()],
                ['contrast_data',
                 BackwardDifferenceEncoder(cols=['Fruitveg_ytd',
                                                 'Number_people_household'...
                                       'Timestamp_day_of_year',
                                       'Birth_Date_month', 'Birth_Date_quarter',
                                       'Birth_Date_week',
                                       'Birth_Date_day_of_week',
                                       'Birth_Date_day_of_month',
                                       'Birth_Date_day_of_year'],
                                 drop_invariant=True)],
                ('featureselection',
                 FeatureSelectionTransformer(method='FeatureWiz',
                                             model=ExtraTreesClassifier(ccp_alpha=0.008055200211278942,
                                                                        class_weight='balanced',
                                                                        n_jobs=2,
                                                                        random_state=120)))])",smoteen,no,Backward Difference,,FeatureWiz,,no,0.4701865141459378,0.4770397178102123,0.30137336951867394,0.5556260501737724,0.4701865141459378,0.25339147286821706,0.23350536221707918,0.03569437349333527,0.2259936649109611,0.25339147286821706,COMPLETE
30,0.26279403403759205,2022-10-19 09:46:56.025435,2022-10-19 09:46:58.645929,0 days 00:00:02.620494,no,0.002518341896405479,balanced,Backward Difference,FeatureImportance_ET,100,2,9.0,"Pipeline(memory='Caching',
         steps=[['feature_engine', FeatureEngineTransformer()],
                ['interval_encoding', IntervalDataTransformer()],
                ['binary_encoding', BinaryDataTransformer()],
                ['ordinal_encoding', OrdinalDataTransformer()],
                ['contrast_data',
                 BackwardDifferenceEncoder(cols=['Fruitveg_ytd',
                                                 'Number_people_household',
                                                 'Sports_in_week',
                                                 'Internet_in_week',
                                                 'Tired_...
                                       'Birth_Date_month', 'Birth_Date_quarter',
                                       'Birth_Date_week',
                                       'Birth_Date_day_of_week',
                                       'Birth_Date_day_of_month',
                                       'Birth_Date_day_of_year'],
                                 drop_invariant=True)],
                ('featureselection',
                 FeatureSelectionTransformer(method='FeatureImportance_ET',
                                             model=ExtraTreesClassifier(ccp_alpha=0.002518341896405479,
                                                                        class_weight='balanced',
                                                                        n_jobs=2,
                                                                        random_state=120),
                                             number=9))])",no,no,Backward Difference,,FeatureImportance_ET,9.0,no,0.9331436191897935,0.8762165259775627,0.8299270068722285,0.8328278095253269,0.9331436191897935,0.2731068762561011,0.26279403403759205,0.1039192282300599,0.26205985151398536,0.2731068762561011,COMPLETE
31,0.22859158516980416,2022-10-19 09:46:58.798983,2022-10-19 09:47:04.273202,0 days 00:00:05.474219,no,0.00024699740398566317,balanced,Backward Difference,FeatureWiz,100,2,,"Pipeline(memory='Caching',
         steps=[['feature_engine', FeatureEngineTransformer()],
                ['interval_encoding', IntervalDataTransformer()],
                ['binary_encoding', BinaryDataTransformer()],
                ['ordinal_encoding', OrdinalDataTransformer()],
                ['contrast_data',
                 BackwardDifferenceEncoder(cols=['Fruitveg_ytd',
                                                 'Number_people_household',
                                                 'Sports_in_week',
                                                 'Internet_in_week',
                                                 'Tired_...
                                       'Timestamp_day_of_year',
                                       'Birth_Date_month', 'Birth_Date_quarter',
                                       'Birth_Date_week',
                                       'Birth_Date_day_of_week',
                                       'Birth_Date_day_of_month',
                                       'Birth_Date_day_of_year'],
                                 drop_invariant=True)],
                ('featureselection',
                 FeatureSelectionTransformer(method='FeatureWiz',
                                             model=ExtraTreesClassifier(ccp_alpha=0.00024699740398566317,
                                                                        class_weight='balanced',
                                                                        n_jobs=2,
                                                                        random_state=120)))])",no,no,Backward Difference,,FeatureWiz,,no,0.913611111111111,0.9503730282232836,0.9266014374988977,0.9941463046628255,0.913611111111111,0.25,0.22859158516980416,0.0,0.21056091707516342,0.25,COMPLETE
32,0.28685675245901765,2022-10-19 09:47:04.439422,2022-10-19 09:47:07.025586,0 days 00:00:02.586164,no,0.021123874893510742,balanced_subsample,Helmert,FeatureImportance_ET,100,2,17.0,"Pipeline(memory='Caching',
         steps=[['feature_engine', FeatureEngineTransformer()],
                ['interval_encoding', IntervalDataTransformer()],
                ['binary_encoding', BinaryDataTransformer()],
                ['ordinal_encoding', OrdinalDataTransformer()],
                ['contrast_data',
                 HelmertEncoder(cols=['Fruitveg_ytd', 'Number_people_household',
                                      'Sports_in_week', 'Internet_in_week',
                                      'Tired_in_week', 'C...
                                       'Birth_Date_month', 'Birth_Date_quarter',
                                       'Birth_Date_week',
                                       'Birth_Date_day_of_week',
                                       'Birth_Date_day_of_month',
                                       'Birth_Date_day_of_year'],
                                 drop_invariant=True)],
                ('featureselection',
                 FeatureSelectionTransformer(method='FeatureImportance_ET',
                                             model=ExtraTreesClassifier(ccp_alpha=0.021123874893510742,
                                                                        class_weight='balanced_subsample',
                                                                        n_jobs=2,
                                                                        random_state=120),
                                             number=17))])",no,no,Helmert,,FeatureImportance_ET,17.0,no,0.6148046465164242,0.44567621713490285,0.3294526092739764,0.4233282950414497,0.6148046465164242,0.350268888447183,0.28685675245901765,0.15503005549797122,0.30017973741356796,0.350268888447183,COMPLETE
33,0.27905518712561106,2022-10-19 09:47:07.180576,2022-10-19 09:47:10.299797,0 days 00:00:03.119221,no,0.019539528845333536,balanced,Helmert,MutualInformation,100,2,6.0,"Pipeline(memory='Caching',
         steps=[['feature_engine', FeatureEngineTransformer()],
                ['interval_encoding', IntervalDataTransformer()],
                ['binary_encoding', BinaryDataTransformer()],
                ['ordinal_encoding', OrdinalDataTransformer()],
                ['contrast_data',
                 HelmertEncoder(cols=['Fruitveg_ytd', 'Number_people_household',
                                      'Sports_in_week', 'Internet_in_week',
                                      'Tired_in_week', 'C...
                                       'Birth_Date_month', 'Birth_Date_quarter',
                                       'Birth_Date_week',
                                       'Birth_Date_day_of_week',
                                       'Birth_Date_day_of_month',
                                       'Birth_Date_day_of_year'],
                                 drop_invariant=True)],
                ('featureselection',
                 FeatureSelectionTransformer(method='MutualInformation',
                                             model=ExtraTreesClassifier(ccp_alpha=0.019539528845333536,
                                                                        class_weight='balanced',
                                                                        n_jobs=2,
                                                                        random_state=120),
                                             number=6))])",no,no,Helmert,,MutualInformation,6.0,no,0.5103067613626144,0.3532109430371055,0.23202888756776416,0.37070253585442775,0.5103067613626144,0.35302692749398173,0.27905518712561106,0.15499946495706954,0.2983216973833987,0.35302692749398173,COMPLETE
34,0.036004507176904295,2022-10-19 09:47:10.459501,2022-10-19 09:47:58.860163,0 days 00:00:48.400662,smoteen,0.07059596956732563,None,Helmert,BorutaShap,100,2,,"Pipeline(memory='Caching',
         steps=[('smote', SMOTEN(n_jobs=2, random_state=120)),
                ['feature_engine', FeatureEngineTransformer()],
                ['interval_encoding', IntervalDataTransformer()],
                ['binary_encoding', BinaryDataTransformer()],
                ['ordinal_encoding', OrdinalDataTransformer()],
                ['contrast_data',
                 HelmertEncoder(cols=['Fruitveg_ytd', 'Number_people_household',
                                      'Sports_in...
                                       'Timestamp_day_of_month',
                                       'Timestamp_day_of_year',
                                       'Birth_Date_month', 'Birth_Date_quarter',
                                       'Birth_Date_week',
                                       'Birth_Date_day_of_week',
                                       'Birth_Date_day_of_month',
                                       'Birth_Date_day_of_year'],
                                 drop_invariant=True)],
                ('featureselection',
                 FeatureSelectionTransformer(method='BorutaShap',
                                             model=ExtraTreesClassifier(ccp_alpha=0.07059596956732563,
                                                                        n_jobs=2,
                                                                        random_state=120)))])",smoteen,no,Helmert,,BorutaShap,,no,0.28456904575621866,0.047364793300139506,0.014491625056676567,0.19251019584672366,0.28456904575621866,0.27546834625322997,0.036004507176904295,0.007884136869610477,0.101406953027343,0.27546834625322997,COMPLETE
35,0.2535042166850993,2022-10-19 09:47:59.004400,2022-10-19 09:48:06.573324,0 days 00:00:07.568924,smoteen,0.020759523521534477,balanced_subsample,Helmert,FeatureWiz,100,2,,"Pipeline(memory='Caching',
         steps=[('smote', SMOTEN(n_jobs=2, random_state=120)),
                ['feature_engine', FeatureEngineTransformer()],
                ['interval_encoding', IntervalDataTransformer()],
                ['binary_encoding', BinaryDataTransformer()],
                ['ordinal_encoding', OrdinalDataTransformer()],
                ['contrast_data',
                 HelmertEncoder(cols=['Fruitveg_ytd', 'Number_people_household',
                                      'Sports_in...
                                       'Timestamp_day_of_year',
                                       'Birth_Date_month', 'Birth_Date_quarter',
                                       'Birth_Date_week',
                                       'Birth_Date_day_of_week',
                                       'Birth_Date_day_of_month',
                                       'Birth_Date_day_of_year'],
                                 drop_invariant=True)],
                ('featureselection',
                 FeatureSelectionTransformer(method='FeatureWiz',
                                             model=ExtraTreesClassifier(ccp_alpha=0.020759523521534477,
                                                                        class_weight='balanced_subsample',
                                                                        n_jobs=2,
                                                                        random_state=120)))])",smoteen,no,Helmert,,FeatureWiz,,no,0.489920667038376,0.44836257478990865,0.25242616301651205,0.480391113047742,0.489920667038376,0.2926972216700899,0.2535042166850993,0.08732669399816012,0.2820364914018872,0.2926972216700899,COMPLETE
36,0.19318194821979948,2022-10-19 09:48:06.731806,2022-10-19 09:48:12.437139,0 days 00:00:05.705333,smoteen,0.0006579824678996711,balanced,Sum,MutualInformation,100,2,18.0,"Pipeline(memory='Caching',
         steps=[('smote', SMOTEN(n_jobs=2, random_state=120)),
                ['feature_engine', FeatureEngineTransformer()],
                ['interval_encoding', IntervalDataTransformer()],
                ['binary_encoding', BinaryDataTransformer()],
                ['ordinal_encoding', OrdinalDataTransformer()],
                ['contrast_data',
                 SumEncoder(cols=['Fruitveg_ytd', 'Number_people_household',
                                  'Sports_in_wee...
                                       'Birth_Date_month', 'Birth_Date_quarter',
                                       'Birth_Date_week',
                                       'Birth_Date_day_of_week',
                                       'Birth_Date_day_of_month',
                                       'Birth_Date_day_of_year'],
                                 drop_invariant=True)],
                ('featureselection',
                 FeatureSelectionTransformer(method='MutualInformation',
                                             model=ExtraTreesClassifier(ccp_alpha=0.0006579824678996711,
                                                                        class_weight='balanced',
                                                                        n_jobs=2,
                                                                        random_state=120),
                                             number=18))])",smoteen,no,Sum,,MutualInformation,18.0,no,0.3693414337488084,0.24866699934705258,0.12237721122769855,0.28171260329134257,0.3693414337488084,0.2972568685262484,0.19318194821979948,0.025445300442636997,0.2442357523587725,0.2972568685262484,COMPLETE
37,0.03734620975938751,2022-10-19 09:48:12.593550,2022-10-19 09:49:03.626844,0 days 00:00:51.033294,smoteen,0.021788609461531713,balanced,Helmert,BorutaShap,100,2,,"Pipeline(memory='Caching',
         steps=[('smote', SMOTEN(n_jobs=2, random_state=120)),
                ['feature_engine', FeatureEngineTransformer()],
                ['interval_encoding', IntervalDataTransformer()],
                ['binary_encoding', BinaryDataTransformer()],
                ['ordinal_encoding', OrdinalDataTransformer()],
                ['contrast_data',
                 HelmertEncoder(cols=['Fruitveg_ytd', 'Number_people_household',
                                      'Sports_in...
                                       'Timestamp_day_of_year',
                                       'Birth_Date_month', 'Birth_Date_quarter',
                                       'Birth_Date_week',
                                       'Birth_Date_day_of_week',
                                       'Birth_Date_day_of_month',
                                       'Birth_Date_day_of_year'],
                                 drop_invariant=True)],
                ('featureselection',
                 FeatureSelectionTransformer(method='BorutaShap',
                                             model=ExtraTreesClassifier(ccp_alpha=0.021788609461531713,
                                                                        class_weight='balanced',
                                                                        n_jobs=2,
                                                                        random_state=120)))])",smoteen,no,Helmert,,BorutaShap,,no,0.32264745843750187,0.07619254683654324,0.034594681225562765,0.3465246567290579,0.32264745843750187,0.24831917113893862,0.03734620975938751,-0.0006619145245163882,0.10106182464878116,0.24831917113893862,COMPLETE
38,0.03225302973161386,2022-10-19 09:49:03.794061,2022-10-19 09:49:07.219773,0 days 00:00:03.425712,no,0.08164491469046792,balanced_subsample,Backward Difference,MutualInformation,100,2,16.0,"Pipeline(memory='Caching',
         steps=[['feature_engine', FeatureEngineTransformer()],
                ['interval_encoding', IntervalDataTransformer()],
                ['binary_encoding', BinaryDataTransformer()],
                ['ordinal_encoding', OrdinalDataTransformer()],
                ['contrast_data',
                 BackwardDifferenceEncoder(cols=['Fruitveg_ytd',
                                                 'Number_people_household',
                                                 'Sports_in_week',
                                                 'Internet_in_week',
                                                 'Tired_...
                                       'Birth_Date_month', 'Birth_Date_quarter',
                                       'Birth_Date_week',
                                       'Birth_Date_day_of_week',
                                       'Birth_Date_day_of_month',
                                       'Birth_Date_day_of_year'],
                                 drop_invariant=True)],
                ('featureselection',
                 FeatureSelectionTransformer(method='MutualInformation',
                                             model=ExtraTreesClassifier(ccp_alpha=0.08164491469046792,
                                                                        class_weight='balanced_subsample',
                                                                        n_jobs=2,
                                                                        random_state=120),
                                             number=16))])",no,no,Backward Difference,,MutualInformation,16.0,no,0.25,0.0316531437511282,0.0,0.01694746819960861,0.25,0.25,0.03225302973161386,0.0,0.0172781352124183,0.25,COMPLETE
39,0.22859158516980416,2022-10-19 09:49:07.371248,2022-10-19 09:49:10.679054,0 days 00:00:03.307806,no,0.006674223971124652,None,Sum,MutualInformation,100,2,15.0,"Pipeline(memory='Caching',
         steps=[['feature_engine', FeatureEngineTransformer()],
                ['interval_encoding', IntervalDataTransformer()],
                ['binary_encoding', BinaryDataTransformer()],
                ['ordinal_encoding', OrdinalDataTransformer()],
                ['contrast_data',
                 SumEncoder(cols=['Fruitveg_ytd', 'Number_people_household',
                                  'Sports_in_week', 'Internet_in_week',
                                  'Tired_in_week', 'Conce...
                                       'Timestamp_day_of_year',
                                       'Birth_Date_month', 'Birth_Date_quarter',
                                       'Birth_Date_week',
                                       'Birth_Date_day_of_week',
                                       'Birth_Date_day_of_month',
                                       'Birth_Date_day_of_year'],
                                 drop_invariant=True)],
                ('featureselection',
                 FeatureSelectionTransformer(method='MutualInformation',
                                             model=ExtraTreesClassifier(ccp_alpha=0.006674223971124652,
                                                                        n_jobs=2,
                                                                        random_state=120),
                                             number=15))])",no,no,Sum,,MutualInformation,15.0,no,0.25,0.22859163282347905,0.0,0.21056069848744294,0.25,0.25,0.22859158516980416,0.0,0.21056091707516342,0.25,COMPLETE
